﻿Spotify ID,Artist IDs,Track Name,Album Name,Artist Name(s),Release Date,Duration (ms),Popularity,Added By,Added At,Genres,Danceability,Energy,Key,Loudness,Mode,Speechiness,Acousticness,Instrumentalness,Liveness,Valence,Tempo,Time Signature
1TqafPEsBS77cOefzHXs3s,"6tOv5UYDorjmsernjtaHO1,4q3ewBCX7sLwd24euuV69X,1TtXnWcUs0FCkaZDPGYHdf","Otra Vez","Otra Vez","Kelmitt,Bad Bunny,Darell",2016-07-29,355500,51,spotify:user:12132863200,2023-11-04T03:11:35Z,"reggaeton flow,trap latino,reggaeton,urbano latino,latin hip hop",0.624,0.62,10,-6.678,0,0.0719,0.158,0,0.32,0.428,114.806,4
6C1RD7YQVvt3YQj0CmuTeu,"4q3ewBCX7sLwd24euuV69X,1i8SpTcr7yvPOmcqrbnVXY,329e4yvIujISKGKz1BZZbO,4SsVbpTthjScTS7U2hmr1X,12vb80Km0Ew53ABfJOepVz,64aJYyrXljOodnUG6jvhRD,2T1aUibqR2QC2sINIDQOAK","Diles","Diles","Bad Bunny,Ozuna,Farruko,Arcángel,Ñengo Flow,DJ Luian,Mambo Kingz",2016-08-26,286040,83,spotify:user:12132863200,2023-11-04T03:11:38Z,"reggaeton,trap latino,urbano latino,puerto rican pop,latin hip hop,reggaeton flow",0.813,0.56,2,-5.904,0,0.0618,0.108,0,0.268,0.287,118.033,4
6NSMQFKgjpQb0KkjMDYIK0,"4SsVbpTthjScTS7U2hmr1X,4q3ewBCX7sLwd24euuV69X,2T1aUibqR2QC2sINIDQOAK,64aJYyrXljOodnUG6jvhRD","Tu No Vive Asi (feat. Mambo Kingz & DJ Luian)","Tu No Vive Asi (feat. Mambo Kingz & DJ Luian)","Arcángel,Bad Bunny,Mambo Kingz,DJ Luian",2016-09-30,264000,82,spotify:user:12132863200,2023-11-04T03:11:40Z,"latin hip hop,reggaeton,trap latino,urbano latino,reggaeton flow",0.815,0.514,6,-9.446,0,0.361,0.54,0,0.611,0.623,120.054,4
1JxhrUWZjuI8AOjDJ1JpMN,"4q3ewBCX7sLwd24euuV69X","Soy Peor","Soy Peor","Bad Bunny",2016-12-08,257384,77,spotify:user:12132863200,2023-11-04T03:11:41Z,"reggaeton,trap latino,urbano latino",0.808,0.611,0,-3.221,0,0.0663,0.683,0.00638,0.114,0.172,116.011,4
5lr877wwUsB8inLGywHKxa,"4q3ewBCX7sLwd24euuV69X,6w9ToX5slZ4uIdmD17hJ3c,3EiLUeyEcA6fbRPSHkG5kb,2wYOpkTJZGByNEOjEnSmoW,1pgDilWYDWLoOgGjf1iHNu","Caile","Caile","Bad Bunny,Bryant Myers,De La Ghetto,Revol,Zion",2016-12-25,300187,72,spotify:user:12132863200,2023-11-04T03:11:43Z,"reggaeton,trap latino,urbano latino,reggaeton flow",0.761,0.551,1,-7.034,0,0.103,0.15,0.00000115,0.0768,0.351,129.972,4
2QrGCbW0ylj94JfkgLZFlA,"4q3ewBCX7sLwd24euuV69X,6w9ToX5slZ4uIdmD17hJ3c","Pa Ti","Pa Ti","Bad Bunny,Bryant Myers",2017-01-02,191294,77,spotify:user:12132863200,2023-11-04T03:11:44Z,"reggaeton,trap latino,urbano latino,reggaeton flow",0.76,0.718,1,-3.017,1,0.232,0.348,0,0.0982,0.557,128.14,4
7GfSJBI4qbAG40RTa9jhVu,"14zUHaJZo1mnYtn6IBRaRP,4q3ewBCX7sLwd24euuV69X,6P6GTRTigHBp8ZesNtpCKH","Crecia","Crecia","Justin Quiles,Bad Bunny,Almighty",2017-01-27,270000,60,spotify:user:12132863200,2023-11-04T03:11:46Z,"reggaeton,trap latino,urbano latino,reggaeton flow",0.718,0.702,6,-6.079,0,0.137,0.524,0.00000309,0.149,0.525,120.052,4
2sA4woGW5KgEgGXXxOKPAZ,"2pQAUIesBqfT87PaM1ijtk,3RtNN1VnooWEn3KQk03DUL,4q3ewBCX7sLwd24euuV69X,6P6GTRTigHBp8ZesNtpCKH","Amigos y Enemigos (feat. Bad Bunny & Almighty) - Remix","Amigos y Enemigos (Remix)","Trap Capos,Noriel,Bad Bunny,Almighty",2017-02-06,295304,71,spotify:user:12132863200,2023-11-04T03:11:48Z,"reggaeton,reggaeton flow,trap latino,urbano latino",0.752,0.748,6,-3.755,1,0.0895,0.289,0,0.105,0.497,115.01,4
7oZKzSymWd6cTXX4sEYiXo,"4q3ewBCX7sLwd24euuV69X,6P6GTRTigHBp8ZesNtpCKH,6CeuGv4HZFxwZB1LyCBUjn,3tZdknQnzsVIIdaGCTj4RX,0pm4ijsngxgyYEZl0UeXug","Me Llueven 2","Me Llueven 2","Bad Bunny,Almighty,Denyerkin,Quimico Ultra Mega,El Fother",2017-03-02,230837,47,spotify:user:12132863200,2023-11-04T03:11:49Z,"reggaeton,trap latino,urbano latino,reggaeton flow,urbano espanol,dembow,rap dominicano,trap dominicano",0.853,0.755,7,-3.726,1,0.268,0.267,0,0.482,0.674,122.015,4
7b59ZUw0TkGZuE0HNeiuc4,"4q3ewBCX7sLwd24euuV69X,1RBzGO6Nm3uyhUSxP7EDWO,3RtNN1VnooWEn3KQk03DUL,6w9ToX5slZ4uIdmD17hJ3c,6P6GTRTigHBp8ZesNtpCKH","Me Llueven 3.0","Me Llueven 3.0","Bad Bunny,KEVIN ROLDAN,Noriel,Bryant Myers,Almighty",2017-03-10,290012,55,spotify:user:12132863200,2023-11-04T03:11:50Z,"reggaeton,trap latino,urbano latino,reggaeton colombiano,reggaeton flow",0.848,0.644,4,-4.365,0,0.153,0.274,0,0.791,0.645,121.946,4
5hKjEpYrJIJs6uPl7zw6Y6,"5lFhCi03HDneWzvCxGctrT,4q3ewBCX7sLwd24euuV69X","No Te Hagas","No Te Hagas","Jory Boy,Bad Bunny",2017-03-11,233250,79,spotify:user:12132863200,2023-11-04T03:11:51Z,"reggaeton,reggaeton flow,trap latino,urbano latino",0.748,0.69,0,-3.812,0,0.0477,0.0353,0,0.315,0.433,131.972,4
4PE7pAJ3DDmJdxWzpsXrlS,"1RBzGO6Nm3uyhUSxP7EDWO,4q3ewBCX7sLwd24euuV69X","Tranquilo","Tranquilo","KEVIN ROLDAN,Bad Bunny",2017-03-24,215593,52,spotify:user:12132863200,2023-11-04T03:11:52Z,"reggaeton,reggaeton colombiano,trap latino,urbano latino",0.767,0.581,1,-5.014,0,0.43,0.112,0,0.0643,0.19,118.152,4
54Jbp9l25XPwT0hXvpULRh,"2dYSrA999b3VYp5V4J12T7,1jSjfSgDjedJdi5MoyRu78,4q3ewBCX7sLwd24euuV69X,4nxZciIJ63XsyL0YfKCkgJ","Trepate","Trepate","Sixto Rein,Lary Over,Bad Bunny,EZ El Ezeta",2017-04-07,260706,49,spotify:user:12132863200,2023-11-04T03:11:54Z,"pop reggaeton,pop venezolano,reggaeton,reggaeton flow,trap latino,urbano latino",0.749,0.602,2,-7.212,1,0.0865,0.216,0.000003,0.115,0.158,120.082,4
2wgDAPgBhFA7pnIbm0YOhP,"4q3ewBCX7sLwd24euuV69X,2T1aUibqR2QC2sINIDQOAK,64aJYyrXljOodnUG6jvhRD,4SsVbpTthjScTS7U2hmr1X,6P6GTRTigHBp8ZesNtpCKH,6w9ToX5slZ4uIdmD17hJ3c,3RtNN1VnooWEn3KQk03DUL,0GgyFUpOyzWDRDqx8FCTDN,00XhexlJEXQstHimpZN910","Me Mata","Me Mata","Bad Bunny,Mambo Kingz,DJ Luian,Arcángel,Almighty,Bryant Myers,Noriel,Baby Rasta,Brytiago",2017-04-11,412631,77,spotify:user:12132863200,2023-11-04T03:11:55Z,"reggaeton,trap latino,urbano latino,reggaeton flow,latin hip hop",0.841,0.53,9,-11.467,1,0.205,0.551,0,0.119,0.686,114.028,4
3uPLiBTUgz7wrGJ2mw1rzM,"4q3ewBCX7sLwd24euuV69X,329e4yvIujISKGKz1BZZbO,64aJYyrXljOodnUG6jvhRD,2T1aUibqR2QC2sINIDQOAK","Blockia","Blockia","Bad Bunny,Farruko,DJ Luian,Mambo Kingz",2017-05-19,201739,59,spotify:user:12132863200,2023-11-04T03:11:56Z,"reggaeton,trap latino,urbano latino,reggaeton flow",0.773,0.583,1,-8.694,0,0.054,0.206,0,0.16,0.373,138.009,4
4jhIWuW51XDplWJRfnG7AU,"790FomKkXshlbRYZFtlgla,4q3ewBCX7sLwd24euuV69X","Ahora Me Llama","Ahora Me Llama","KAROL G,Bad Bunny",2017-05-26,233293,63,spotify:user:12132863200,2023-11-04T03:11:58Z,"reggaeton,reggaeton colombiano,trap latino,urbano latino",0.652,0.577,7,-5.273,0,0.0373,0.00947,0.0000402,0.0905,0.123,134.987,4
2SzgK8i6si6ETtu57nTdSn,"6w9ToX5slZ4uIdmD17hJ3c,4q3ewBCX7sLwd24euuV69X","Un Ratito Mas","Un Ratito Mas","Bryant Myers,Bad Bunny",2017-06-05,283120,72,spotify:user:12132863200,2023-11-04T03:12:02Z,"reggaeton,reggaeton flow,trap latino,urbano latino",0.523,0.629,1,-4.058,1,0.0549,0.156,0,0.323,0.209,140.101,4
1RijmOnza5p9CzaFKr8W1Y,"4q3ewBCX7sLwd24euuV69X,1vyhD5VmyZ7KMfW5gqLgo5,1i8SpTcr7yvPOmcqrbnVXY,4SsVbpTthjScTS7U2hmr1X","Soy Peor - Remix","Soy Peor Remix","Bad Bunny,J Balvin,Ozuna,Arcángel",2017-06-22,315846,68,spotify:user:12132863200,2023-11-04T03:12:04Z,"reggaeton,trap latino,urbano latino,reggaeton colombiano,puerto rican pop,latin hip hop",0.823,0.457,0,-7.036,0,0.119,0.214,0,0.352,0.268,115.991,4
7zSYoPdSQmQ8PYckovk2Qj,"3RB3lthg9wuE5mFpdNfcr6,4q3ewBCX7sLwd24euuV69X,00XhexlJEXQstHimpZN910","Demonia Baila","Demonia Baila","Jantony,Bad Bunny,Brytiago",2017-06-23,248718,55,spotify:user:12132863200,2023-11-04T03:12:05Z,"reggaeton,trap latino,urbano latino",0.675,0.665,8,-5.409,1,0.171,0.326,0,0.189,0.405,129.739,4
5dhOWHLE6k2uBeKRwDOniw,"0iwRZ9bQya1TDUAk5qN5YX,0tR60pwxQ5WKjPxQcKoCQ7,4q3ewBCX7sLwd24euuV69X,2jku7tDXc6XoB6MO2hFuqg,1y5Pyw7YKEtvJUysXq7IxH","Give It Up","Give It Up","Breakfast n Vegas,Messiah,Bad Bunny,Tory Lanez,DJ Yonny",2017-06-27,211500,48,spotify:user:12132863200,2023-11-04T03:12:06Z,"r&b en espanol,trap dominicano,trap latino,reggaeton,urbano latino,canadian hip hop,canadian trap,melodic rap,pop rap,r&b,rap,trap",0.778,0.73,10,-5.374,0,0.0679,0.0227,0,0.0881,0.39,119.956,4
4WDSPCfr60K0HI7YYhEHKu,"00XhexlJEXQstHimpZN910,4q3ewBCX7sLwd24euuV69X","Netflixxx","Netflixxx","Brytiago,Bad Bunny",2017-06-29,219007,79,spotify:user:12132863200,2023-11-04T03:12:07Z,"reggaeton,trap latino,urbano latino",0.703,0.615,6,-5.647,0,0.119,0.691,0,0.131,0.637,134.82,4
43SMQMC2X2fAOuTPRnSGrG,"4q3ewBCX7sLwd24euuV69X","Tu No Metes Cabra","Tu No Metes Cabra","Bad Bunny",2017-07-06,170762,72,spotify:user:12132863200,2023-11-04T03:12:10Z,"reggaeton,trap latino,urbano latino",0.86,0.641,7,-2.149,1,0.219,0.689,0.00331,0.107,0.432,92.013,4
7JNh1cfm0eXjqFVOzKLyau,"4obzFoKoKRHIphyHzJ35G3,4q3ewBCX7sLwd24euuV69X","Mayores","Mayores","Becky G,Bad Bunny",2017-07-14,202453,65,spotify:user:12132863200,2023-11-04T03:12:11Z,"latin pop,latin viral pop,rap latina,reggaeton,trap latino,urbano latino",0.743,0.855,5,-3.976,0,0.0436,0.141,0.0045,0.099,0.871,96.989,4
4Mp0gqjE6eqY8LT4UZPTZq,"4q3ewBCX7sLwd24euuV69X,0zZJhc1T0zBurhnBwQ2fcu,1m82A2YUjBaQnLAFi9vjJv,6P6GTRTigHBp8ZesNtpCKH,3tZdknQnzsVIIdaGCTj4RX,6CeuGv4HZFxwZB1LyCBUjn,0pm4ijsngxgyYEZl0UeXug,6w9ToX5slZ4uIdmD17hJ3c,3RtNN1VnooWEn3KQk03DUL,1RBzGO6Nm3uyhUSxP7EDWO","Me Llueven (Extended Version)","Me Llueven (Extenden Version)","Bad Bunny,Mark B.,Poeta Callejero,Almighty,Quimico Ultra Mega,Denyerkin,El Fother,Bryant Myers,Noriel,KEVIN ROLDAN",2017-07-18,483346,43,spotify:user:12132863200,2023-11-04T03:12:12Z,"reggaeton,trap latino,urbano latino,dembow,rap dominicano,reggaeton flow,trap dominicano,urbano espanol,reggaeton colombiano",0.826,0.706,7,-4.162,1,0.307,0.25,0,0.176,0.606,122.006,4
2iC0a2ajBWpckCyx9N4Hly,"4q3ewBCX7sLwd24euuV69X,3tZdknQnzsVIIdaGCTj4RX,5ImkeVBlU11axX5QwOWg12,4SsVbpTthjScTS7U2hmr1X,6P6GTRTigHBp8ZesNtpCKH","Panamera - Remix","Panamera (feat. Quimico Ultra Mega, Black Jonas Point, Arcangel & Almighty) [Remix]","Bad Bunny,Quimico Ultra Mega,Black Jonas Point,Arcángel,Almighty",2017-07-28,296173,39,spotify:user:12132863200,2023-11-04T03:12:13Z,"reggaeton,trap latino,urbano latino,dembow,rap dominicano,trap dominicano,latin hip hop,reggaeton flow",0.478,0.781,10,-3.279,0,0.351,0.157,0,0.273,0.579,85.3,3
4ocmZDCb43B5WRYMKZSxhM,"2ayNSoKPCRAfjp6hQ76hRu,0eHQ9o50hj6ZDNBt6Ys1sD,4q3ewBCX7sLwd24euuV69X,2T1aUibqR2QC2sINIDQOAK,64aJYyrXljOodnUG6jvhRD","Báilame - Remix","Báilame (Remix)","Nacho,Yandel,Bad Bunny,Mambo Kingz,DJ Luian",2017-07-31,217080,55,spotify:user:12132863200,2023-11-04T03:12:15Z,"latin pop,pop venezolano,reggaeton,trap latino,urbano latino,latin hip hop,reggaeton flow",0.791,0.866,6,-4.236,1,0.0497,0.248,0.00000529,0.0696,0.71,96.011,4
4zQJf65ZNkPgEl3i622bbA,"6kq4GHwUcUojGIu0ziSNXf,4q3ewBCX7sLwd24euuV69X,68w2t0wbrGnxSIUHzWs5bt","Lean","Lean","Amenazzy,Bad Bunny,Lito Kirino",2017-08-23,228676,57,spotify:user:12132863200,2023-11-04T03:12:19Z,"rap dominicano,reggaeton,trap latino,urbano latino,reggaeton flow,trap dominicano",0.73,0.62,9,-6.373,1,0.0908,0.235,0.0000015,0.258,0.273,127.025,4
4MtnnyXkgtagfUcUT663QT,"4obzFoKoKRHIphyHzJ35G3,4q3ewBCX7sLwd24euuV69X,1yeRzIylR1uGMCvfAPcYPt","Mayores - Urban Tropical","Mayores (Urban Tropical)","Becky G,Bad Bunny,Ear Candy",2017-09-22,210840,44,spotify:user:12132863200,2023-11-04T03:12:20Z,"latin pop,latin viral pop,rap latina,reggaeton,trap latino,urbano latino",0.716,0.853,10,-3.809,1,0.0487,0.0398,0.115,0.353,0.859,97.008,4
0gCPvo1GkbtPhMqg5Gbx1K,"4VMYDCV2IEDYJArk749S6m,4q3ewBCX7sLwd24euuV69X","Vuelve","Vuelve","Daddy Yankee,Bad Bunny",2017-09-29,279613,76,spotify:user:12132863200,2023-11-04T03:12:22Z,"latin hip hop,reggaeton,trap latino,urbano latino",0.734,0.531,1,-5.662,1,0.0321,0.196,0,0.119,0.199,130.024,4
0mQD5ilmghCieAw6E6YFrd,"790FomKkXshlbRYZFtlgla,4q3ewBCX7sLwd24euuV69X,0VRj0yCOv2FXJNP47XQnx5","Ahora Me Llama - Remix","Ahora Me Llama (Remix)","KAROL G,Bad Bunny,Quavo",2017-10-06,251906,53,spotify:user:12132863200,2023-11-04T03:12:23Z,"reggaeton,reggaeton colombiano,trap latino,urbano latino,atl hip hop,melodic rap,rap,trap",0.671,0.631,0,-7.059,0,0.0421,0.0445,0.0000194,0.101,0.205,134.986,4
6ipDE6Y0xrjEeaBTuPfW1K,"4q3ewBCX7sLwd24euuV69X,4VMYDCV2IEDYJArk749S6m,2R21vXR83lH98kGeO99Y66,00me4Ke1LsvMxt5kydlMyU","Tu No Metes Cabra - Remix","Tu No Metes Cabra Remix","Bad Bunny,Daddy Yankee,Anuel AA,Cosculluela",2017-10-25,331440,69,spotify:user:12132863200,2023-11-04T03:12:24Z,"reggaeton,trap latino,urbano latino,latin hip hop,reggaeton flow,trap boricua",0.848,0.574,7,-3.195,1,0.271,0.449,0,0.073,0.493,91.964,4
038kavjqUaGIYZL5lYocvX,"329e4yvIujISKGKz1BZZbO,0hCNtLu0JehylgoiP8L4Gh,4q3ewBCX7sLwd24euuV69X,1URnnhqYAYcrqrcwql10ft,1fctva4kpRbg2k3v7kwRuS","Krippy Kush (feat. 21 Savage & Rvssian) - Remix","Krippy Kush (feat. 21 Savage & Rvssian) [Remix]","Farruko,Nicki Minaj,Bad Bunny,21 Savage,Rvssian",2017-11-21,237160,52,spotify:user:12132863200,2023-11-04T03:12:26Z,"reggaeton,trap latino,urbano latino,hip pop,pop,queens hip hop,rap,atl hip hop,hip hop",0.743,0.671,9,-5.241,1,0.122,0.0512,0,0.116,0.499,163.229,4
1Bqg4yFeVDJxchh6MjkGKy,"4q3ewBCX7sLwd24euuV69X","Chambea","Chambea","Bad Bunny",2017-12-01,192001,72,spotify:user:12132863200,2023-11-04T03:12:31Z,"reggaeton,trap latino,urbano latino",0.856,0.866,0,-3.494,1,0.159,0.228,0.00154,0.164,0.638,116.005,4
679SFFZqnBAJ40r9rXChTh,"0pxWSJ3TbIRuGPJnmxCfBe,7viqvBP4uYljgKcqYfLkvu,4q3ewBCX7sLwd24euuV69X","Favorito De Los Capo - Remix","Favorito De Los Capo (Remix)","Flow Mafia,Arcangel,Bad Bunny",2017-12-23,278871,48,spotify:user:12132863200,2023-11-04T03:12:45Z,"rap dominicano,trap dominicano,reggaeton,trap latino,urbano latino",0.649,0.766,6,-3.75,0,0.148,0.187,0,0.403,0.459,159.943,4
6HdVpbKJtp4EDpfli4fcOm,"329e4yvIujISKGKz1BZZbO,0hCNtLu0JehylgoiP8L4Gh,4q3ewBCX7sLwd24euuV69X,0Y5tJX1MQlPlqiwlOH1tJY,1fctva4kpRbg2k3v7kwRuS","Krippy Kush (feat. Travis Scott & Rvssian) - Travis Scott Remix","Krippy Kush (feat. Travis Scott & Rvssian) [Travis Scott Remix]","Farruko,Nicki Minaj,Bad Bunny,Travis Scott,Rvssian",2017-12-25,236953,49,spotify:user:12132863200,2023-11-04T03:12:46Z,"reggaeton,trap latino,urbano latino,hip pop,pop,queens hip hop,rap,hip hop,slap house",0.741,0.679,9,-4.932,1,0.127,0.0862,0,0.112,0.513,163.097,4
2iCOdoyDmWG3hWkbtH1KB2,"1GDbiv3spRmZ1XdM1jQbT7,4q3ewBCX7sLwd24euuV69X","Amantes de una Noche","Amantes de una Noche","NATTI NATASHA,Bad Bunny",2018-01-12,225520,69,spotify:user:12132863200,2023-11-04T03:12:47Z,"latin pop,rap latina,reggaeton,urbano latino,trap latino",0.567,0.73,9,-6.748,0,0.213,0.353,0.00000173,0.154,0.525,87.237,4
4uuGltp3Z6d0IUxsSf4xFl,"5gUZ67Vzi1FV2SnrWl1GlE,4VMYDCV2IEDYJArk749S6m,4q3ewBCX7sLwd24euuV69X,2qbEtwBVyobgpNP5KcHE9J,329e4yvIujISKGKz1BZZbO,3RtNN1VnooWEn3KQk03DUL,1pf0MPKfKdvS8J779mS1Ay","El Combo Me Llama 2","El Combo Me Llama 2","Benny Benni,Daddy Yankee,Bad Bunny,Pusho,Farruko,Noriel,Miky Woodz",2018-01-29,414577,50,spotify:user:12132863200,2023-11-04T03:12:49Z,"reggaeton,reggaeton flow,urbano latino,latin hip hop,trap latino",0.775,0.785,2,-4.335,1,0.112,0.336,0,0.0653,0.689,168.005,4
72BQwM1wnBQCbjwjRu1rmF,"0OROVBEZCocg0FcgJpyBse,4q3ewBCX7sLwd24euuV69X","Fantasía","Fantasía","Alex Sensation,Bad Bunny",2018-02-09,247253,55,spotify:user:12132863200,2023-11-04T03:12:50Z,"reggaeton,trap latino,urbano latino",0.837,0.604,7,-3.455,0,0.0414,0.343,0.00000797,0.115,0.315,126.049,4
68QcquxCS39cQGTsRrJWIR,"4q3ewBCX7sLwd24euuV69X","Amorfoda","Amorfoda","Bad Bunny",2018-02-15,153887,78,spotify:user:12132863200,2023-11-04T03:12:51Z,"reggaeton,trap latino,urbano latino",0.749,0.418,9,-7.925,0,0.0587,0.985,0.000126,0.0832,0.307,147.887,3
3kG1jgWIDmjJkXhOiOmioO,"4q3ewBCX7sLwd24euuV69X","Dime Si Te Acuerdas","Dime Si Te Acuerdas","Bad Bunny",2018-02-22,187272,73,spotify:user:12132863200,2023-11-04T03:12:53Z,"reggaeton,trap latino,urbano latino",0.74,0.595,1,-9.082,1,0.0623,0.486,0,0.163,0.316,131.96,4
2ECIwi1a7mfokdDkkJ08Ne,"4m6ubhNsdwF4psNf3R8kwR,4q3ewBCX7sLwd24euuV69X,1bAftSH8umNcGZ0uyV7LMg,6w3SkAHYPsQ1bxV7VDlG5y","Loca - Remix","Loca Remix","KHEA,Bad Bunny,Duki,Cazzu",2018-03-16,346460,72,spotify:user:12132863200,2023-11-04T03:12:54Z,"argentine hip hop,trap argentino,trap latino,trap triste,urbano latino,reggaeton,rap latina",0.795,0.751,8,-3.661,1,0.0675,0.337,0,0.0983,0.537,113.033,4
08wJw4VdkKImX4t1vL6MsO,"2wYOpkTJZGByNEOjEnSmoW,1vyhD5VmyZ7KMfW5gqLgo5,4q3ewBCX7sLwd24euuV69X,4SsVbpTthjScTS7U2hmr1X,3EiLUeyEcA6fbRPSHkG5kb","Dime","Dime","Revol,J Balvin,Bad Bunny,Arcángel,De La Ghetto",2018-03-23,284626,58,spotify:user:12132863200,2023-11-04T03:12:56Z,"reggaeton,reggaeton flow,trap latino,urbano latino,reggaeton colombiano,latin hip hop",0.772,0.66,11,-5.067,0,0.115,0.369,0,0.119,0.422,135.956,4
65n40RsQ9SObH7hNvVTHp0,"0eHQ9o50hj6ZDNBt6Ys1sD,4q3ewBCX7sLwd24euuV69X,3RtNN1VnooWEn3KQk03DUL,00me4Ke1LsvMxt5kydlMyU,00XhexlJEXQstHimpZN910","Explícale (feat. Cosculluela & Brytiago) - Remix","Explícale (feat. Cosculluela & Brytiago) [Remix]","Yandel,Bad Bunny,Noriel,Cosculluela,Brytiago",2018-04-11,395666,69,spotify:user:12132863200,2023-11-04T03:12:57Z,"latin hip hop,reggaeton,trap latino,urbano latino",0.774,0.682,1,-4.099,1,0.126,0.0885,0,0.0963,0.587,125.026,4
3V8UKqhEK5zBkBb6d6ub8i,"5hdhHgpxyniooUiQVaPxQ0,1fux65HMCBvfJHqlBc4Nno,4q3ewBCX7sLwd24euuV69X,1TtXnWcUs0FCkaZDPGYHdf,1i8SpTcr7yvPOmcqrbnVXY,1SupJlEpv7RS2tPNRaHViT","Te Boté - Remix","Te Boté (Remix)","Nio Garcia,Casper Magico,Bad Bunny,Darell,Ozuna,Nicky Jam",2018-04-13,417920,78,spotify:user:12132863200,2023-11-04T03:12:58Z,"reggaeton,trap latino,urbano latino,reggaeton flow,latin hip hop,puerto rican pop",0.903,0.675,11,-3.445,0,0.214,0.542,0.0000128,0.0595,0.442,96.507,4
4Ft8CVWRThcudngtIExbh9,"1ZTqusXWkfiTeOciFTpphG,6w9ToX5slZ4uIdmD17hJ3c,4q3ewBCX7sLwd24euuV69X","Te Descuido","Te Descuidó","Barbosa,Bryant Myers,Bad Bunny",2018-06-01,227172,45,spotify:user:12132863200,2023-11-04T03:12:59Z,"reggaeton,reggaeton flow,trap latino,urbano latino",0.861,0.871,4,-4.224,0,0.0602,0.229,0,0.355,0.775,121.985,4
6WK7h2WfMmnX7zOZnfzoYo,"4kYSro6naA4h99UJvo89HB,4q3ewBCX7sLwd24euuV69X,1vyhD5VmyZ7KMfW5gqLgo5,5R3Hr2cnCCjt220Jmt2xLf","I Like It - Dillon Francis Remix","I Like It","Cardi B,Bad Bunny,J Balvin,Dillon Francis",2018-06-22,219200,58,spotify:user:12132863200,2023-11-04T03:13:00Z,"pop,rap,reggaeton,trap latino,urbano latino,reggaeton colombiano,brostep,edm,electro house,moombahton,pop dance,progressive electro house,slap house",0.731,0.854,5,-4.635,0,0.149,0.00256,0.0000149,0.386,0.651,150.163,4
285jK9VYQKmijjcrjD4CRa,"4kYSro6naA4h99UJvo89HB,4q3ewBCX7sLwd24euuV69X,1vyhD5VmyZ7KMfW5gqLgo5","I Like It","I Like It","Cardi B,Bad Bunny,J Balvin",2018-06-22,253390,49,spotify:user:12132863200,2023-11-04T03:13:00Z,"pop,rap,reggaeton,trap latino,urbano latino,reggaeton colombiano",0.816,0.726,5,-3.998,0,0.129,0.099,0,0.372,0.65,136.048,4
7MjaU5iFujwT1gOyvJnqNp,"4SsVbpTthjScTS7U2hmr1X,4q3ewBCX7sLwd24euuV69X","Original","Original","Arcángel,Bad Bunny",2018-06-29,246360,59,spotify:user:12132863200,2023-11-04T03:13:03Z,"latin hip hop,reggaeton,trap latino,urbano latino",0.798,0.487,1,-4.939,1,0.206,0.0682,0,0.0925,0.292,151.02,4
21WvAGxPUNJARcZoSqswd7,"1SupJlEpv7RS2tPNRaHViT,4q3ewBCX7sLwd24euuV69X,4SsVbpTthjScTS7U2hmr1X","Satisfacción","Satisfacción","Nicky Jam,Bad Bunny,Arcángel",2018-08-03,256493,55,spotify:user:12132863200,2023-11-04T03:13:04Z,"latin hip hop,reggaeton,trap latino,urbano latino",0.622,0.503,5,-6.724,0,0.201,0.282,0,0.112,0.314,136.048,4
45jM2fuCq0NHD9p7xn0ptd,"4q3ewBCX7sLwd24euuV69X,2OHKEe204spO7G7NcbeO2o,0AdjzZxHJ4MfbImx2rD0Df,2ydZrTy8U3kOMOzx20s3dg","¿Cual Es Tu Plan?","¿Cual Es Tu Plan?","Bad Bunny,Ñejo,Pj Sin Suela,DJ Nelson",2018-08-17,243700,73,spotify:user:12132863200,2023-11-04T03:13:05Z,"reggaeton,trap latino,urbano latino,puerto rican rock,reggae en espanol",0.822,0.601,5,-5.418,0,0.297,0.415,0,0.0797,0.872,96.123,4
23mxI8WrJJx5SF1M5HirFX,"4q3ewBCX7sLwd24euuV69X,2TjgzYcbTdsZjbT9OItIeB","Vamos Pa' la Calle","Vamos Pa' la Calle","Bad Bunny,Héctor "El Father"",2018-08-21,207480,54,spotify:user:12132863200,2023-11-04T03:13:06Z,"reggaeton,trap latino,urbano latino",0.728,0.877,6,-3.552,0,0.176,0.544,0,0.316,0.78,88.024,4
6l2UmWFHtPqgWq0hnqlfJT,"03Enzet8KLMkjdeQnbqbmn,4VMYDCV2IEDYJArk749S6m,4q3ewBCX7sLwd24euuV69X","Como Soy","Como Soy","Pacho El Antifeka,Daddy Yankee,Bad Bunny",2018-08-30,312232,51,spotify:user:12132863200,2023-11-04T03:13:07Z,"reggaeton flow,trap latino,urbano latino,latin hip hop,reggaeton",0.819,0.753,9,-6.826,0,0.0568,0.0736,0,0.106,0.389,113.974,4
2wRkBumdItthjYP9XknImg,"4wLXwxDeWQ8mtUIRPxGiD6,41qil2VaGbD194gaEcmmyx,4q3ewBCX7sLwd24euuV69X","Está Rico","Está Rico","Marc Anthony,Will Smith,Bad Bunny",2018-09-28,215151,64,spotify:user:12132863200,2023-11-04T03:13:09Z,"latin pop,modern salsa,salsa,tropical,hip hop,pop rap,reggaeton,trap latino,urbano latino",0.817,0.74,11,-4.566,0,0.283,0.266,0,0.0992,0.674,130.04,4
3Ueq2zboxwAbsvHrOjdEqz,"4q3ewBCX7sLwd24euuV69X,3TVXtAsR1Inumwj472S9r4","MIA (feat. Drake)","MIA (feat. Drake)","Bad Bunny,Drake",2018-10-11,210367,67,spotify:user:12132863200,2023-11-04T03:13:10Z,"reggaeton,trap latino,urbano latino,canadian hip hop,canadian pop,hip hop,pop rap,rap",0.817,0.539,6,-6.349,0,0.0621,0.0141,0.000496,0.099,0.158,97.061,4
0ifLplTQxXkFZKMQpWCHii,"2DlGxzQSjYe5N6G9nkYghR,4q3ewBCX7sLwd24euuV69X","Te Guste","Te Guste","Jennifer Lopez,Bad Bunny",2018-11-09,222786,52,spotify:user:12132863200,2023-11-04T03:13:12Z,"dance pop,pop,urban contemporary,reggaeton,trap latino,urbano latino",0.877,0.619,9,-6.692,0,0.233,0.119,0,0.088,0.222,138.109,4
5YOkA7qd2983FtBQnP8sYx,"4q3ewBCX7sLwd24euuV69X","Solo de Mi","Solo de Mi","Bad Bunny",2018-12-14,197967,64,spotify:user:12132863200,2023-11-04T03:13:13Z,"reggaeton,trap latino,urbano latino",0.743,0.73,10,-4.314,0,0.125,0.287,0.000081,0.0778,0.15,179.972,4
278kSqsZIiYp8p3QjYAqa8,"4q3ewBCX7sLwd24euuV69X","NI BIEN NI MAL","X 100PRE","Bad Bunny",2018-12-23,236215,73,spotify:user:12132863200,2023-11-04T03:13:14Z,"reggaeton,trap latino,urbano latino",0.826,0.449,5,-8.33,0,0.0674,0.556,0.0000185,0.273,0.337,128.028,4
5jGUJXnELDaDTgiRjD9lsg,"4q3ewBCX7sLwd24euuV69X,5fMUXHkw8R8eOP2RNVYEZX","200 Mph","X 100PRE","Bad Bunny,Diplo",2018-12-23,170509,68,spotify:user:12132863200,2023-11-04T03:13:14Z,"reggaeton,trap latino,urbano latino,dance pop,edm,electro house,moombahton,pop dance",0.85,0.5,8,-6.708,1,0.0665,0.0139,0.000384,0.0947,0.816,160.02,4
6kN06eEOblRAuWI0xUUS91,"4q3ewBCX7sLwd24euuV69X","¿Quien Tu Eres?","X 100PRE","Bad Bunny",2018-12-23,159228,64,spotify:user:12132863200,2023-11-04T03:13:14Z,"reggaeton,trap latino,urbano latino",0.727,0.58,2,-6.804,0,0.136,0.185,0.00000358,0.125,0.325,137.048,4
6it15CsDlkqB7N4lF0C1qM,"4q3ewBCX7sLwd24euuV69X","Caro","X 100PRE","Bad Bunny",2018-12-23,229455,69,spotify:user:12132863200,2023-11-04T03:13:14Z,"reggaeton,trap latino,urbano latino",0.651,0.575,0,-7.739,1,0.299,0.627,0.000202,0.0961,0.248,160.007,4
5VQpJ2AY2iMzrRZKgcvNjh,"4q3ewBCX7sLwd24euuV69X","Tenemos Que Hablar","X 100PRE","Bad Bunny",2018-12-23,224512,64,spotify:user:12132863200,2023-11-04T03:13:14Z,"reggaeton,trap latino,urbano latino",0.855,0.512,11,-8.165,1,0.0534,0.146,0.000854,0.107,0.144,146.075,4
4vCAzANUWDE24URV6wQ4ra,"4q3ewBCX7sLwd24euuV69X","Otra Noche en Miami","X 100PRE","Bad Bunny",2018-12-23,233128,79,spotify:user:12132863200,2023-11-04T03:13:14Z,"reggaeton,trap latino,urbano latino",0.514,0.646,1,-8.833,1,0.275,0.197,0.000023,0.0958,0.297,88.661,4
4UEuIEv9Wc3wtiWUplGJ7q,"4q3ewBCX7sLwd24euuV69X","Ser Bichote","X 100PRE","Bad Bunny",2018-12-23,193210,63,spotify:user:12132863200,2023-11-04T03:13:14Z,"reggaeton,trap latino,urbano latino",0.785,0.626,4,-8.03,0,0.0675,0.158,0.0000046,0.181,0.183,154.946,4
35wvL50xvKpCHEJPxLOLPI,"4q3ewBCX7sLwd24euuV69X","Si Estuviésemos Juntos","X 100PRE","Bad Bunny",2018-12-23,169247,84,spotify:user:12132863200,2023-11-04T03:13:14Z,"reggaeton,trap latino,urbano latino",0.672,0.594,1,-6.813,0,0.0789,0.0626,0.0000514,0.152,0.158,171.854,4
4uP3pUP18ennmz0tb3GphR,"4q3ewBCX7sLwd24euuV69X","Solo de Mi","X 100PRE","Bad Bunny",2018-12-23,197967,73,spotify:user:12132863200,2023-11-04T03:13:14Z,"reggaeton,trap latino,urbano latino",0.743,0.73,10,-4.314,0,0.125,0.287,0.000081,0.0778,0.15,179.972,4
5mj8WVFcKdGA8p9HWGTSLc,"4q3ewBCX7sLwd24euuV69X","Cuando Perriabas","X 100PRE","Bad Bunny",2018-12-23,188654,66,spotify:user:12132863200,2023-11-04T03:13:14Z,"reggaeton,trap latino,urbano latino",0.787,0.705,0,-7.582,1,0.0695,0.137,0.00000106,0.108,0.499,81.998,4
1khmgu0pveJbkbpbkyvcQv,"4q3ewBCX7sLwd24euuV69X,2oQX8QiMXOyuqbcZEFsZfm","La Romana","X 100PRE","Bad Bunny,El Alfa",2018-12-23,300579,76,spotify:user:12132863200,2023-11-04T03:13:14Z,"reggaeton,trap latino,urbano latino,dembow,rap dominicano",0.655,0.725,0,-5.497,1,0.188,0.0327,0.00264,0.0611,0.326,125.8,4
69ZaPBHhRMRDjRpW1ivnOU,"4q3ewBCX7sLwd24euuV69X","Como Antes","X 100PRE","Bad Bunny",2018-12-23,230577,69,spotify:user:12132863200,2023-11-04T03:13:14Z,"reggaeton,trap latino,urbano latino",0.767,0.379,0,-10.348,1,0.0385,0.668,0.000145,0.217,0.252,103.956,4
6pZHZndlo57dPCYnvlYFOE,"4q3ewBCX7sLwd24euuV69X","RLNDT","X 100PRE","Bad Bunny",2018-12-23,284852,68,spotify:user:12132863200,2023-11-04T03:13:14Z,"reggaeton,trap latino,urbano latino",0.6,0.528,0,-6.554,1,0.0308,0.263,0,0.588,0.142,108.025,4
2OWVCFTolecLiGZPquvWvT,"4q3ewBCX7sLwd24euuV69X","Estamos Bien","X 100PRE","Bad Bunny",2018-12-23,208079,73,spotify:user:12132863200,2023-11-04T03:13:14Z,"reggaeton,trap latino,urbano latino",0.759,0.536,9,-6.663,0,0.173,0.821,0.00000457,0.107,0.439,119.883,4
3gE4eQH3K83Sght0ZLvuBK,"4q3ewBCX7sLwd24euuV69X,3TVXtAsR1Inumwj472S9r4","MIA","X 100PRE","Bad Bunny,Drake",2018-12-23,210367,79,spotify:user:12132863200,2023-11-04T03:13:14Z,"reggaeton,trap latino,urbano latino,canadian hip hop,canadian pop,hip hop,pop rap,rap",0.816,0.538,6,-6.354,0,0.0617,0.0142,0.000496,0.099,0.156,97.054,4
1c0hsvHLELX6y8qymnpLKL,"47MpMsUfWtgyIIBEFOr4FE,4VMYDCV2IEDYJArk749S6m,4q3ewBCX7sLwd24euuV69X","Soltera (Remix)","Soltera (Remix)","Lunay,Daddy Yankee,Bad Bunny",2019-05-10,266086,73,spotify:user:12132863200,2023-11-04T03:13:16Z,"reggaeton,reggaeton flow,trap latino,urbano latino,latin hip hop",0.795,0.783,5,-4.271,1,0.0432,0.361,0,0.437,0.799,92.01,4
6Mgg57b5K2uwIwuTRuaBWE,"6nVcHLIgY5pE2YCl8ubca1,1vyhD5VmyZ7KMfW5gqLgo5,4q3ewBCX7sLwd24euuV69X","No Me Conoce - Remix","No Me Conoce (Remix)","Jhayco,J Balvin,Bad Bunny",2019-05-17,309546,51,spotify:user:12132863200,2023-11-04T03:13:17Z,"reggaeton,trap latino,urbano latino,reggaeton colombiano",0.793,0.79,10,-3.795,0,0.0687,0.144,0,0.0938,0.594,91.97,4
2TH65lNHgvLxCKXM3apjxI,"4q3ewBCX7sLwd24euuV69X,0GM7qgcRCORpGnfcN2tCiB","Callaita","Callaita","Bad Bunny,Tainy",2019-05-31,250533,77,spotify:user:12132863200,2023-11-04T03:13:18Z,"reggaeton,trap latino,urbano latino,pop reggaeton",0.61,0.624,2,-4.773,1,0.309,0.6,0.00000212,0.243,0.244,176.169,4
0bCPJsVGDxPYwQMDZMi4NW,"4q3ewBCX7sLwd24euuV69X,7iK8PXO48WeuP03g8YR51W","Estamos Arriba","Estamos Arriba","Bad Bunny,Myke Towers",2019-06-14,225693,61,spotify:user:12132863200,2023-11-04T03:13:20Z,"reggaeton,trap latino,urbano latino",0.853,0.818,11,-3.6,1,0.0922,0.186,0.000255,0.18,0.546,149.839,4
71pEiUWwfDFiRO6RmFpnBf,"1vyhD5VmyZ7KMfW5gqLgo5,4q3ewBCX7sLwd24euuV69X","MOJAITA","OASIS","J Balvin,Bad Bunny",2019-06-28,187333,64,spotify:user:12132863200,2023-11-04T03:13:21Z,"reggaeton,reggaeton colombiano,trap latino,urbano latino",0.45,0.842,0,-3.602,1,0.102,0.0171,0,0.377,0.885,172.069,4
0uIfrUwwg0Z7KTitul7E3T,"1vyhD5VmyZ7KMfW5gqLgo5,4q3ewBCX7sLwd24euuV69X","YO LE LLEGO","OASIS","J Balvin,Bad Bunny",2019-06-28,249600,62,spotify:user:12132863200,2023-11-04T03:13:21Z,"reggaeton,reggaeton colombiano,trap latino,urbano latino",0.785,0.792,9,-4.695,0,0.0641,0.0104,0,0.104,0.528,155.036,4
6SYSu569pfYdkDT9A5lZqi,"1vyhD5VmyZ7KMfW5gqLgo5,4q3ewBCX7sLwd24euuV69X","CUIDAO POR AHÍ","OASIS","J Balvin,Bad Bunny",2019-06-28,198320,61,spotify:user:12132863200,2023-11-04T03:13:21Z,"reggaeton,reggaeton colombiano,trap latino,urbano latino",0.845,0.813,4,-2.979,0,0.077,0.111,0.00241,0.174,0.586,90.98,4
25ZAibhr3bdlMCLmubZDVt,"1vyhD5VmyZ7KMfW5gqLgo5,4q3ewBCX7sLwd24euuV69X","QUE PRETENDES","OASIS","J Balvin,Bad Bunny",2019-06-28,222346,81,spotify:user:12132863200,2023-11-04T03:13:21Z,"reggaeton,reggaeton colombiano,trap latino,urbano latino",0.639,0.791,10,-4.443,0,0.253,0.0275,0,0.362,0.939,92.603,4
0fea68AdmYNygeTGI4RC18,"1vyhD5VmyZ7KMfW5gqLgo5,4q3ewBCX7sLwd24euuV69X","LA CANCIÓN","OASIS","J Balvin,Bad Bunny",2019-06-28,242573,86,spotify:user:12132863200,2023-11-04T03:13:21Z,"reggaeton,reggaeton colombiano,trap latino,urbano latino",0.754,0.646,7,-5.795,1,0.317,0.152,0.0000185,0.108,0.429,176.089,4
7hynhxDoDpgMIV12JuVtNa,"1vyhD5VmyZ7KMfW5gqLgo5,4q3ewBCX7sLwd24euuV69X,5QzDzXfXC5lepOBeQXBiVO","UN PESO","OASIS","J Balvin,Bad Bunny,Marciano Cantero",2019-06-28,277106,82,spotify:user:12132863200,2023-11-04T03:13:21Z,"reggaeton,reggaeton colombiano,trap latino,urbano latino",0.627,0.675,5,-7.125,0,0.213,0.125,0,0.0784,0.961,79.31,4
7alOsNr36sJ8CyOEP4aILq,"1vyhD5VmyZ7KMfW5gqLgo5,4q3ewBCX7sLwd24euuV69X","ODIO","OASIS","J Balvin,Bad Bunny",2019-06-28,270400,64,spotify:user:12132863200,2023-11-04T03:13:21Z,"reggaeton,reggaeton colombiano,trap latino,urbano latino",0.74,0.698,6,-3.838,0,0.0388,0.215,0,0.116,0.529,139.99,4
7knLcYCOSaURD0d7HUULFM,"1vyhD5VmyZ7KMfW5gqLgo5,4q3ewBCX7sLwd24euuV69X,4TAoP0f9OuWZUesao43xUW","COMO UN BEBÉ","OASIS","J Balvin,Bad Bunny,Mr Eazi",2019-06-28,218826,72,spotify:user:12132863200,2023-11-04T03:13:21Z,"reggaeton,reggaeton colombiano,trap latino,urbano latino,afrobeats,afropop,azontobeats,ghanaian hip hop,nigerian pop,swedish dancehall",0.825,0.807,6,-5.753,1,0.0949,0.0732,0.00000479,0.138,0.816,103.053,4
1kMUGCt7XLDc5Q64Vl0H8S,"5GcWBUX00IPuWVGMIRK1sS,4q3ewBCX7sLwd24euuV69X","Bellacoso","Bellacoso","Residente,Bad Bunny",2019-07-26,257864,65,spotify:user:12132863200,2023-11-04T03:13:23Z,"venezuelan hip hop,reggaeton,trap latino,urbano latino",0.774,0.851,11,-2.795,0,0.255,0.0651,0,0.0568,0.695,180.086,4
38kLHBjtWJaPXcyFhwRVtI,"5XJDexmWFLWOkjOEjOVX3e,4q3ewBCX7sLwd24euuV69X","Kemba Walker","Kemba Walker","Eladio Carrion,Bad Bunny",2019-08-06,152960,71,spotify:user:12132863200,2023-11-04T03:13:25Z,"trap boricua,trap latino,trap triste,urbano latino,reggaeton",0.832,0.59,8,-7.168,0,0.272,0.446,0.00000143,0.123,0.596,146.939,4
4yZI69ElgxddAUGNJjzc0j,"65jIUih0ZeTUJhSTRuYxpi,4q3ewBCX7sLwd24euuV69X,2e5kXDvESsDPMyuQZ0qouH","Subimos de Rango","Subimos de Rango","Omy de Oro,Bad Bunny,Shootter Ledo",2019-08-21,266091,58,spotify:user:12132863200,2023-11-04T03:13:27Z,"trap latino,urbano latino,reggaeton",0.809,0.653,6,-6.705,0,0.29,0.749,0.000253,0.106,0.73,129.798,4
7pNAvsuTCFaXzSSUmfBPxz,"0elWFr7TW8piilVRYJUe4P,4q3ewBCX7sLwd24euuV69X","Soy El Diablo - Remix","Soy El Diablo (Remix)","Natanael Cano,Bad Bunny",2019-10-25,193621,65,spotify:user:12132863200,2023-11-04T03:13:27Z,"corrido,corridos tumbados,musica mexicana,sad sierreno,sierreno,reggaeton,trap latino,urbano latino",0.681,0.686,9,-6.398,0,0.0462,0.588,0,0.114,0.961,109.191,3
7MkFd0UDHlILDrhBjGZH5K,"7slfeZO9LsJbWgpkIoXBUJ,5GcWBUX00IPuWVGMIRK1sS,4q3ewBCX7sLwd24euuV69X","Cántalo","Cántalo","Ricky Martin,Residente,Bad Bunny",2019-11-12,218996,51,spotify:user:12132863200,2023-11-04T03:13:28Z,"latin pop,mexican pop,puerto rican pop,venezuelan hip hop,reggaeton,trap latino,urbano latino",0.708,0.795,1,-4.71,1,0.116,0.0339,0,0.362,0.731,95.039,4
5DxXgozhkPLgrbKFY91w0c,"4q3ewBCX7sLwd24euuV69X","Vete","Vete","Bad Bunny",2019-11-21,192024,75,spotify:user:12132863200,2023-11-04T03:13:31Z,"reggaeton,trap latino,urbano latino",0.886,0.672,1,-4.394,1,0.188,0.0363,0.00000878,0.101,0.526,91.976,4
4AtXMDQiztBcGVcLTBrcCQ,"2HPaUgqeutzr3jx5a9WyDV,3TVXtAsR1Inumwj472S9r4,4q3ewBCX7sLwd24euuV69X","LOYAL (feat. Drake and Bad Bunny) [Remix]","LOYAL (feat. Drake and Bad Bunny) [Remix]","PARTYNEXTDOOR,Drake,Bad Bunny",2020-02-07,281119,49,spotify:user:12132863200,2023-11-04T03:13:32Z,"r&b,rap,urban contemporary,canadian hip hop,canadian pop,hip hop,pop rap,reggaeton,trap latino,urbano latino",0.878,0.528,0,-6.237,0,0.0462,0.477,0.00149,0.094,0.422,104.986,4
3wYRLYuO1M88d8woWUIxct,"4q3ewBCX7sLwd24euuV69X,77ziqFxp5gaInVrF2lj4ht","Ignorantes","Ignorantes","Bad Bunny,Sech",2020-02-14,210606,69,spotify:user:12132863200,2023-11-04T03:13:33Z,"reggaeton,trap latino,urbano latino,panamanian pop",0.85,0.536,1,-5.161,1,0.0599,0.267,0.0000389,0.0996,0.505,96.029,4
41wtwzCZkXwpnakmwJ239F,"4q3ewBCX7sLwd24euuV69X","Si Veo a Tu Mamá","YHLQMDLG","Bad Bunny",2020-02-29,170971,80,spotify:user:12132863200,2023-11-04T03:13:34Z,"reggaeton,trap latino,urbano latino",0.9,0.603,2,-5.313,1,0.0646,0.402,0.00000481,0.134,0.824,129.928,4
6NfrH0ANGmgBXyxgV2PeXt,"4q3ewBCX7sLwd24euuV69X","La Difícil","YHLQMDLG","Bad Bunny",2020-02-29,163084,79,spotify:user:12132863200,2023-11-04T03:13:34Z,"reggaeton,trap latino,urbano latino",0.685,0.848,8,-4.561,0,0.0858,0.0861,0.00000714,0.0783,0.761,179.87,4
75pQqzwgCjUOSSy5CpmAjy,"4q3ewBCX7sLwd24euuV69X","Pero Ya No","YHLQMDLG","Bad Bunny",2020-02-29,160638,71,spotify:user:12132863200,2023-11-04T03:13:34Z,"reggaeton,trap latino,urbano latino",0.882,0.612,4,-6.103,1,0.118,0.0475,0.00000507,0.182,0.742,147.982,4
69vlMrzHwATKzupwNcUPyK,"4q3ewBCX7sLwd24euuV69X,4VMYDCV2IEDYJArk749S6m","La Santa","YHLQMDLG","Bad Bunny,Daddy Yankee",2020-02-29,206420,83,spotify:user:12132863200,2023-11-04T03:13:34Z,"reggaeton,trap latino,urbano latino,latin hip hop",0.744,0.868,1,-4.524,1,0.047,0.0326,0,0.0822,0.586,93.037,4
0SqqAgdovOE24BzxIClpjw,"4q3ewBCX7sLwd24euuV69X","Yo Perreo Sola","YHLQMDLG","Bad Bunny",2020-02-29,172127,77,spotify:user:12132863200,2023-11-04T03:13:34Z,"reggaeton,trap latino,urbano latino",0.86,0.758,11,-5.16,1,0.0695,0.021,0.0000654,0.344,0.453,97.014,4
4j4w4CXm6BSr0s25wAWrrX,"4q3ewBCX7sLwd24euuV69X,0Y30TbA4p8SAfCzy2AFBa8","Bichiyal","YHLQMDLG","Bad Bunny,Yaviah",2020-02-29,196500,77,spotify:user:12132863200,2023-11-04T03:13:34Z,"reggaeton,trap latino,urbano latino,latin hip hop",0.737,0.766,10,-4.242,0,0.0458,0.31,0.00000663,0.114,0.662,93.956,4
7sOfmPd18RWp3FoCzpa7Kw,"4q3ewBCX7sLwd24euuV69X","Soliá","YHLQMDLG","Bad Bunny",2020-02-29,159282,76,spotify:user:12132863200,2023-11-04T03:13:34Z,"reggaeton,trap latino,urbano latino",0.71,0.81,2,-5.507,1,0.0854,0.117,0.000132,0.154,0.184,92.041,4
5kqNIqFjijuzvVLhuY9B8j,"4q3ewBCX7sLwd24euuV69X","La Zona","YHLQMDLG","Bad Bunny",2020-02-29,136892,78,spotify:user:12132863200,2023-11-04T03:13:34Z,"reggaeton,trap latino,urbano latino",0.762,0.801,1,-3.661,0,0.0409,0.2,0.0000704,0.254,0.81,93.992,4
53v2u51nq3CxiKUNphRzP1,"4q3ewBCX7sLwd24euuV69X,12vb80Km0Ew53ABfJOepVz","Que Malo","YHLQMDLG","Bad Bunny,Ñengo Flow",2020-02-29,167975,77,spotify:user:12132863200,2023-11-04T03:13:34Z,"reggaeton,trap latino,urbano latino",0.802,0.787,7,-6.181,0,0.0599,0.0832,0,0.153,0.446,94.026,4
2n7ohqg1s68ToAHh4u9mcW,"4q3ewBCX7sLwd24euuV69X","Vete","YHLQMDLG","Bad Bunny",2020-02-29,192024,76,spotify:user:12132863200,2023-11-04T03:13:34Z,"reggaeton,trap latino,urbano latino",0.886,0.672,1,-4.394,1,0.188,0.0363,0.00000878,0.101,0.526,91.976,4
38RIEav39FGi86jppxO0du,"4q3ewBCX7sLwd24euuV69X,77ziqFxp5gaInVrF2lj4ht","Ignorantes","YHLQMDLG","Bad Bunny,Sech",2020-02-29,210606,73,spotify:user:12132863200,2023-11-04T03:13:34Z,"reggaeton,trap latino,urbano latino,panamanian pop",0.85,0.536,1,-5.161,1,0.0599,0.267,0.0000389,0.0996,0.505,96.029,4
4r9jkMEnArtWGH2rL2FZl0,"4q3ewBCX7sLwd24euuV69X","A Tu Merced","YHLQMDLG","Bad Bunny",2020-02-29,175918,80,spotify:user:12132863200,2023-11-04T03:13:34Z,"reggaeton,trap latino,urbano latino",0.86,0.791,0,-4.784,1,0.0568,0.169,0.000106,0.106,0.887,92.023,4
5J7teKIJGtqVypgYI6sqXj,"4q3ewBCX7sLwd24euuV69X,0Q8NcsJwoCbZOHHW63su5S","Una Vez","YHLQMDLG","Bad Bunny,Mora",2020-02-29,232496,81,spotify:user:12132863200,2023-11-04T03:13:34Z,"reggaeton,trap latino,urbano latino",0.55,0.598,11,-5.402,0,0.0831,0.132,0.00000258,0.0955,0.543,83.836,4
2DEZmgHKAvm41k4J3R2E9Y,"4q3ewBCX7sLwd24euuV69X,4IMAo2UQchVFyPH24PAjUs,12vb80Km0Ew53ABfJOepVz","Safaera","YHLQMDLG","Bad Bunny,Jowell & Randy,Ñengo Flow",2020-02-29,295176,79,spotify:user:12132863200,2023-11-04T03:13:34Z,"reggaeton,trap latino,urbano latino",0.607,0.829,2,-4.074,1,0.379,0.0103,0,0.107,0.685,96.172,4
4NqQaovM14WR2hNPMFxgjb,"4q3ewBCX7sLwd24euuV69X","25/8","YHLQMDLG","Bad Bunny",2020-02-29,243275,72,spotify:user:12132863200,2023-11-04T03:13:34Z,"reggaeton,trap latino,urbano latino",0.761,0.732,4,-5.469,0,0.0549,0.092,0,0.0716,0.542,151.982,4
4saHEjXw7O1NXJOzBkUKKG,"4q3ewBCX7sLwd24euuV69X,2R21vXR83lH98kGeO99Y66","Está Cabrón Ser Yo","YHLQMDLG","Bad Bunny,Anuel AA",2020-02-29,227939,71,spotify:user:12132863200,2023-11-04T03:13:34Z,"reggaeton,trap latino,urbano latino,reggaeton flow,trap boricua",0.81,0.854,10,-3.999,0,0.254,0.0732,0,0.123,0.879,154.083,4
5gCg2qMPzKkW4jS4dBKdDs,"4q3ewBCX7sLwd24euuV69X,7iK8PXO48WeuP03g8YR51W","Puesto Pa' Guerrial","YHLQMDLG","Bad Bunny,Myke Towers",2020-02-29,190207,63,spotify:user:12132863200,2023-11-04T03:13:34Z,"reggaeton,trap latino,urbano latino",0.867,0.686,4,-5.342,1,0.221,0.311,0,0.1,0.658,139.968,4
0fgsKar6uBO08vzHXkTjWi,"4q3ewBCX7sLwd24euuV69X,1WMwuNKzEFtU6pPkdtryYS,4SsVbpTthjScTS7U2hmr1X","P FKN R","YHLQMDLG","Bad Bunny,Kendo Kaponi,Arcángel",2020-02-29,258280,66,spotify:user:12132863200,2023-11-04T03:13:34Z,"reggaeton,trap latino,urbano latino,reggaeton flow,latin hip hop",0.82,0.635,5,-5.749,0,0.0772,0.409,0,0.244,0.528,101.024,4
1V8XneTrX6kKeoxYbk4x6h,"4q3ewBCX7sLwd24euuV69X,1bAftSH8umNcGZ0uyV7LMg,2XcZshqzPKm3iZcmt73R8D","Hablamos Mañana","YHLQMDLG","Bad Bunny,Duki,Pablo Chill-E",2020-02-29,240253,72,spotify:user:12132863200,2023-11-04T03:13:34Z,"reggaeton,trap latino,urbano latino,argentine hip hop,trap argentino,trap triste,trap chileno,urbano chileno",0.683,0.677,1,-4.496,1,0.0469,0.0869,0,0.0998,0.514,156.019,4
4MZSqgwlE71CWZ6qQ3gkKm,"4q3ewBCX7sLwd24euuV69X","<3","YHLQMDLG","Bad Bunny",2020-02-29,157967,70,spotify:user:12132863200,2023-11-04T03:13:34Z,"reggaeton,trap latino,urbano latino",0.631,0.665,10,-7.589,0,0.229,0.602,0.0000017,0.152,0.634,80.353,4
2tFwfmceQa1Y6nRPhYbEtC,"6nVcHLIgY5pE2YCl8ubca1,4q3ewBCX7sLwd24euuV69X","CÓMO SE SIENTE - Remix","CÓMO SE SIENTE (Remix)","Jhayco,Bad Bunny",2020-05-09,227520,81,spotify:user:12132863200,2023-11-04T03:13:35Z,"reggaeton,trap latino,urbano latino",0.807,0.606,3,-8.871,0,0.088,0.0946,0,0.119,0.304,92.988,4
1zaDh3qaGSeSmulNyWlUxm,"4q3ewBCX7sLwd24euuV69X","SI ELLA SALE","LAS QUE NO IBAN A SALIR","Bad Bunny",2020-05-10,143240,57,spotify:user:12132863200,2023-11-04T03:13:42Z,"reggaeton,trap latino,urbano latino",0.869,0.727,7,-7.397,1,0.123,0.0589,0.00991,0.107,0.92,147.967,4
4EJHKSnHENfjOxXWryyNtL,"4q3ewBCX7sLwd24euuV69X,21451j1KhjAiaYKflxBjr1","MÁS DE UNA CITA","LAS QUE NO IBAN A SALIR","Bad Bunny,Zion & Lennox",2020-05-10,183520,63,spotify:user:12132863200,2023-11-04T03:13:42Z,"reggaeton,trap latino,urbano latino",0.865,0.5,5,-10.805,1,0.0861,0.0122,0.0000773,0.098,0.317,92.976,4
0FktnzDqjClqU6iqOZVEs2,"4q3ewBCX7sLwd24euuV69X","BYE ME FUI","LAS QUE NO IBAN A SALIR","Bad Bunny",2020-05-10,178000,69,spotify:user:12132863200,2023-11-04T03:13:42Z,"reggaeton,trap latino,urbano latino",0.712,0.599,5,-6.342,0,0.112,0.412,0.0000215,0.103,0.588,179.788,4
3pm4XtcsRIFFtH2UErk62R,"0eHQ9o50hj6ZDNBt6Ys1sD,4q3ewBCX7sLwd24euuV69X","CANCIÓN CON YANDEL","LAS QUE NO IBAN A SALIR","Yandel,Bad Bunny",2020-05-10,209180,74,spotify:user:12132863200,2023-11-04T03:13:42Z,"latin hip hop,reggaeton,trap latino,urbano latino",0.75,0.741,9,-4.43,1,0.402,0.447,0,0.121,0.495,79.968,4
5XqCz18k96K8tx6DAYM97i,"4q3ewBCX7sLwd24euuV69X,33ScadVnbm2X8kkUqOkC6Z","PA' ROMPERLA","LAS QUE NO IBAN A SALIR","Bad Bunny,Don Omar",2020-05-10,194200,68,spotify:user:12132863200,2023-11-04T03:13:42Z,"reggaeton,trap latino,urbano latino,latin hip hop,puerto rican pop",0.772,0.83,7,-5.019,1,0.0599,0.016,0,0.0843,0.697,94.011,4
5bmSver2b3ZXyuyLKtgnFI,"4q3ewBCX7sLwd24euuV69X,1SupJlEpv7RS2tPNRaHViT","BAD CON NICKY","LAS QUE NO IBAN A SALIR","Bad Bunny,Nicky Jam",2020-05-10,202240,65,spotify:user:12132863200,2023-11-04T03:13:42Z,"reggaeton,trap latino,urbano latino,latin hip hop",0.59,0.729,7,-4.95,0,0.0893,0.321,0,0.659,0.712,93.094,4
2CoMYp2uIKsT09nreEZnZn,"4q3ewBCX7sLwd24euuV69X","BENDICIONES","LAS QUE NO IBAN A SALIR","Bad Bunny",2020-05-10,155060,65,spotify:user:12132863200,2023-11-04T03:13:42Z,"reggaeton,trap latino,urbano latino",0.828,0.581,11,-9.909,1,0.0725,0.0378,0,0.103,0.843,143.995,4
6KFjMJJq8UZpfUyDgeH0Yl,"6nVcHLIgY5pE2YCl8ubca1,4q3ewBCX7sLwd24euuV69X","CÓMO SE SIENTE - Remix","LAS QUE NO IBAN A SALIR","Jhayco,Bad Bunny",2020-05-10,227120,0,spotify:user:12132863200,2023-11-04T03:13:42Z,"reggaeton,trap latino,urbano latino",0.813,0.616,3,-8.867,0,0.0773,0.0926,0,0.122,0.347,93,4
3XZeOzJ9tqnu58YP6cqApI,"4q3ewBCX7sLwd24euuV69X","RONCA FREESTYLE","LAS QUE NO IBAN A SALIR","Bad Bunny",2020-05-10,150060,62,spotify:user:12132863200,2023-11-04T03:13:42Z,"reggaeton,trap latino,urbano latino",0.856,0.656,5,-6.483,0,0.131,0.165,0,0.0998,0.586,90.041,4
2DhNdoHxavs7Qtf5MnhZD0,"4q3ewBCX7sLwd24euuV69X,1A8aoDrchH5aefQYBCfpLv","EN CASITA","LAS QUE NO IBAN A SALIR","Bad Bunny,Gabriela",2020-05-10,176440,54,spotify:user:12132863200,2023-11-04T03:13:42Z,"reggaeton,trap latino,urbano latino",0.779,0.764,0,-8.217,1,0.0938,0.221,0.000669,0.0909,0.675,158.093,4
0EhpEsp4L0oRGM0vmeaN5e,"1vyhD5VmyZ7KMfW5gqLgo5,6M2wZ9GZgrQXHCFfjv46we,4q3ewBCX7sLwd24euuV69X,0GM7qgcRCORpGnfcN2tCiB","UN DIA (ONE DAY) (Feat. Tainy)","UN DIA (ONE DAY) (Feat. Tainy)","J Balvin,Dua Lipa,Bad Bunny,Tainy",2020-07-24,232253,74,spotify:user:12132863200,2023-11-04T03:13:43Z,"reggaeton,reggaeton colombiano,trap latino,urbano latino,dance pop,pop,uk pop,pop reggaeton",0.571,0.693,6,-8.234,0,0.0545,0.00536,0,0.173,0.393,168.169,4
2cpteAYHcd4cjSxAeCkA52,"4q3ewBCX7sLwd24euuV69X,0f6U482Lbo91QNqNFH4Tat,6p2442ymrT9lZEuCZJdYcH","Yo Perreo Sola - Remix","Yo Perreo Sola (Remix)","Bad Bunny,Nesi,Ivy Queen",2020-10-14,174027,55,spotify:user:12132863200,2023-11-04T03:13:44Z,"reggaeton,trap latino,urbano latino,latin hip hop,rap latina",0.845,0.733,11,-6.037,1,0.0581,0.0147,0.0000157,0.357,0.394,97.01,4
47EiUVwUp4C9fGccaPuUCS,"4q3ewBCX7sLwd24euuV69X,6nVcHLIgY5pE2YCl8ubca1","DÁKITI","DÁKITI","Bad Bunny,Jhayco",2020-10-30,205090,81,spotify:user:12132863200,2023-11-04T03:13:45Z,"reggaeton,trap latino,urbano latino",0.731,0.573,4,-10.059,0,0.0544,0.401,0.0000522,0.113,0.145,109.928,4
36DHxTW2xdr9GG15T9oK9L,"4q3ewBCX7sLwd24euuV69X","EL MUNDO ES MÍO","EL ÚLTIMO TOUR DEL MUNDO","Bad Bunny",2020-11-27,165199,64,spotify:user:12132863200,2023-11-04T03:13:46Z,"reggaeton,trap latino,urbano latino",0.716,0.522,5,-6.834,1,0.0582,0.166,0.000065,0.113,0.224,76.993,4
5RubKOuDoPn5Kj5TLVxSxY,"4q3ewBCX7sLwd24euuV69X","TE MUDASTE","EL ÚLTIMO TOUR DEL MUNDO","Bad Bunny",2020-11-27,130013,82,spotify:user:12132863200,2023-11-04T03:13:46Z,"reggaeton,trap latino,urbano latino",0.811,0.637,10,-4.835,0,0.0591,0.234,0.000572,0.118,0.471,92.025,4
0tjZv2hChdHZCW1zFXpy1J,"4q3ewBCX7sLwd24euuV69X","HOY COBRÉ","EL ÚLTIMO TOUR DEL MUNDO","Bad Bunny",2020-11-27,162151,69,spotify:user:12132863200,2023-11-04T03:13:46Z,"reggaeton,trap latino,urbano latino",0.86,0.725,11,-6.7,1,0.249,0.0464,0.000091,0.0994,0.375,145.001,4
0Lsis3LB0XAK6XlTHXaJk2,"4q3ewBCX7sLwd24euuV69X","MALDITA POBREZA","EL ÚLTIMO TOUR DEL MUNDO","Bad Bunny",2020-11-27,213609,65,spotify:user:12132863200,2023-11-04T03:13:46Z,"reggaeton,trap latino,urbano latino",0.762,0.861,4,-4.075,0,0.0652,0.139,0.00000108,0.0956,0.588,133.037,4
2XIc1pqjXV3Cr2BQUGNBck,"4q3ewBCX7sLwd24euuV69X,7ltDVBr6mKbRvohxheJ9h1","LA NOCHE DE ANOCHE","EL ÚLTIMO TOUR DEL MUNDO","Bad Bunny,ROSALÍA",2020-11-27,203200,81,spotify:user:12132863200,2023-11-04T03:13:46Z,"reggaeton,trap latino,urbano latino,latin viral pop,pop,r&b en espanol",0.856,0.618,7,-4.892,1,0.286,0.0303,0,0.0866,0.391,81.993,4
23XjN1s3DZC8Q9ZwuorYY4,"4q3ewBCX7sLwd24euuV69X","TE DESEO LO MEJOR","EL ÚLTIMO TOUR DEL MUNDO","Bad Bunny",2020-11-27,139576,73,spotify:user:12132863200,2023-11-04T03:13:46Z,"reggaeton,trap latino,urbano latino",0.763,0.597,1,-5.054,1,0.0416,0.158,0.0000183,0.111,0.194,126.054,4
5fROvzNghPid8mbKNDYvpJ,"4q3ewBCX7sLwd24euuV69X","YO VISTO ASÍ","EL ÚLTIMO TOUR DEL MUNDO","Bad Bunny",2020-11-27,191526,67,spotify:user:12132863200,2023-11-04T03:13:46Z,"reggaeton,trap latino,urbano latino",0.688,0.881,7,-4.889,0,0.0474,0.0947,0,0.0804,0.677,123.013,4
26QApq0cuO9brJigr0C0W4,"4q3ewBCX7sLwd24euuV69X","HACIENDO QUE ME AMAS","EL ÚLTIMO TOUR DEL MUNDO","Bad Bunny",2020-11-27,217768,76,spotify:user:12132863200,2023-11-04T03:13:46Z,"reggaeton,trap latino,urbano latino",0.584,0.411,10,-7.147,0,0.0838,0.869,0.0000447,0.0955,0.412,169.934,4
26w9NTiE9NGjW1ZvIOd1So,"4q3ewBCX7sLwd24euuV69X","BOOKER T","EL ÚLTIMO TOUR DEL MUNDO","Bad Bunny",2020-11-27,156430,77,spotify:user:12132863200,2023-11-04T03:13:46Z,"reggaeton,trap latino,urbano latino",0.883,0.6,7,-7.188,1,0.37,0.114,0.00000794,0.0931,0.691,113.903,4
67ACYA3UI6QMNtHX6b34wX,"4q3ewBCX7sLwd24euuV69X","LA DROGA","EL ÚLTIMO TOUR DEL MUNDO","Bad Bunny",2020-11-27,162299,73,spotify:user:12132863200,2023-11-04T03:13:46Z,"reggaeton,trap latino,urbano latino",0.643,0.727,1,-5.506,1,0.0389,0.0439,0,0.123,0.295,90.019,4
4MzXwWMhyBbmu6hOcLVD49,"4q3ewBCX7sLwd24euuV69X,6nVcHLIgY5pE2YCl8ubca1","DÁKITI","EL ÚLTIMO TOUR DEL MUNDO","Bad Bunny,Jhayco",2020-11-27,205090,80,spotify:user:12132863200,2023-11-04T03:13:46Z,"reggaeton,trap latino,urbano latino",0.731,0.573,4,-10.059,0,0.0544,0.401,0.0000522,0.113,0.145,109.928,4
09WAnxdBuebQopKhJT3oZS,"4q3ewBCX7sLwd24euuV69X","TRELLAS","EL ÚLTIMO TOUR DEL MUNDO","Bad Bunny",2020-11-27,157673,66,spotify:user:12132863200,2023-11-04T03:13:46Z,"reggaeton,trap latino,urbano latino",0.43,0.412,2,-5.372,1,0.0281,0.2,0,0.324,0.0508,90.872,4
5jZ32WOU7sqzDYbzINwMUk,"4q3ewBCX7sLwd24euuV69X,3ZJxEmjYZd5VOqZ8o3aXiL","SORRY PAPI","EL ÚLTIMO TOUR DEL MUNDO","Bad Bunny,ABRA",2020-11-27,163053,72,spotify:user:12132863200,2023-11-04T03:13:46Z,"reggaeton,trap latino,urbano latino,alternative r&b",0.612,0.561,1,-6.054,1,0.0851,0.0601,0,0.145,0.393,191.911,4
3KJ3opyV29269SXkPrc19l,"4q3ewBCX7sLwd24euuV69X","120","EL ÚLTIMO TOUR DEL MUNDO","Bad Bunny",2020-11-27,151506,77,spotify:user:12132863200,2023-11-04T03:13:46Z,"reggaeton,trap latino,urbano latino",0.636,0.656,2,-5.542,0,0.0676,0.451,0.00000797,0.287,0.439,171.918,4
7kjEqI6eZ7YlFrGhxixnlN,"4q3ewBCX7sLwd24euuV69X","ANTES QUE SE ACABE","EL ÚLTIMO TOUR DEL MUNDO","Bad Bunny",2020-11-27,221186,72,spotify:user:12132863200,2023-11-04T03:13:46Z,"reggaeton,trap latino,urbano latino",0.693,0.549,2,-6.098,1,0.0577,0.505,0.0000473,0.324,0.473,139.988,4
2Iv6YBslkxslMJQsxshZh5,"5TphiK6LsT4X5NOZxq3NJB","CANTARES DE NAVIDAD","EL ÚLTIMO TOUR DEL MUNDO","Trio Vegabajeño",2020-11-27,199720,55,spotify:user:12132863200,2023-11-04T03:13:46Z,"musica jibara,puerto rican folk",0.764,0.523,2,-7.371,1,0.0406,0.777,0,0.352,0.962,118.671,4
4Ixc50wY5pbUvNEogTQ2wL,"4q3ewBCX7sLwd24euuV69X,4axKuDPr6WKcDCyh8vueTY","100 MILLONES","100 MILLONES","Bad Bunny,Luar La L",2021-05-28,237459,65,spotify:user:12132863200,2023-11-04T03:13:49Z,"reggaeton,trap latino,urbano latino",0.808,0.559,1,-6.936,1,0.452,0.133,0.00000657,0.0966,0.48,169.103,4
2JPLbjOn0wPCngEot2STUS,"4q3ewBCX7sLwd24euuV69X","Yonaguni","Yonaguni","Bad Bunny",2021-06-04,206710,83,spotify:user:12132863200,2023-11-04T03:13:50Z,"reggaeton,trap latino,urbano latino",0.644,0.648,1,-4.601,1,0.118,0.276,0,0.135,0.44,179.951,4
05bfbizlM5AX6Mf1RRyMho,"5hdhHgpxyniooUiQVaPxQ0,1vyhD5VmyZ7KMfW5gqLgo5,4q3ewBCX7sLwd24euuV69X","AM Remix","AM Remix","Nio Garcia,J Balvin,Bad Bunny",2021-06-24,261334,75,spotify:user:12132863200,2023-11-04T03:13:52Z,"reggaeton,trap latino,urbano latino,reggaeton colombiano",0.743,0.655,6,-5.015,0,0.159,0.114,0,0.0764,0.785,172.031,4
267NGliXM8YLVZiKAD9Otm,"4q3ewBCX7sLwd24euuV69X","De Museo","De Museo","Bad Bunny",2021-07-06,209770,66,spotify:user:12132863200,2023-11-04T03:13:53Z,"reggaeton,trap latino,urbano latino",0.592,0.494,4,-10.618,0,0.0747,0.237,0,0.13,0.231,132.037,4
0G2zPzWqVjR68iNPmx2TBe,"0Q8NcsJwoCbZOHHW63su5S,4q3ewBCX7sLwd24euuV69X,77ziqFxp5gaInVrF2lj4ht","Volando - Remix","Volando (Remix)","Mora,Bad Bunny,Sech",2021-07-08,273474,80,spotify:user:12132863200,2023-11-04T03:13:54Z,"trap latino,urbano latino,reggaeton,panamanian pop",0.659,0.688,6,-4.649,1,0.0673,0.207,0,0.113,0.632,153.979,4
2vmfvSoZBFAt9hhRoEByLi,"1qto4hHid1P71emI6Fd8xi,4q3ewBCX7sLwd24euuV69X","Volví","Volví","Aventura,Bad Bunny",2021-08-03,230125,81,spotify:user:12132863200,2023-11-04T03:13:56Z,"bachata,bachata dominicana,latin hip hop,latin pop,tropical,urbano latino,reggaeton,trap latino",0.725,0.86,1,-3.726,1,0.182,0.422,0.000284,0.0674,0.791,175.896,4
4gzsuuZypVbxs0Af1LSZyB,"0GM7qgcRCORpGnfcN2tCiB,4q3ewBCX7sLwd24euuV69X,2QWIScpFDNxmS6ZEMIUvgm","Lo Siento BB:/ (with Bad Bunny & Julieta Venegas)","Lo Siento BB:/ (with Bad Bunny & Julieta Venegas)","Tainy,Bad Bunny,Julieta Venegas",2021-10-05,207301,78,spotify:user:12132863200,2023-11-04T03:13:57Z,"pop reggaeton,reggaeton,trap latino,urbano latino,cantautora mexicana,latin alternative,latin pop,latin rock,rock en espanol",0.639,0.703,4,-6.33,0,0.0794,0.0889,0.00000178,0.0865,0.138,169.888,4
6Xom58OOXk2SoU711L2IXO,"4q3ewBCX7sLwd24euuV69X","Moscow Mule","Un Verano Sin Ti","Bad Bunny",2022-05-06,245939,85,spotify:user:12132863200,2023-11-04T03:13:58Z,"reggaeton,trap latino,urbano latino",0.804,0.674,5,-5.453,0,0.0333,0.294,0.00000118,0.115,0.292,99.968,4
1dm6z1fWB0cErMszU25dy2,"4q3ewBCX7sLwd24euuV69X","Después de la Playa","Un Verano Sin Ti","Bad Bunny",2022-05-06,230400,79,spotify:user:12132863200,2023-11-04T03:13:58Z,"reggaeton,trap latino,urbano latino",0.564,0.903,5,-3.221,1,0.307,0.356,0,0.175,0.607,78.293,4
6Sq7ltF9Qa7SNFBsV5Cogx,"4q3ewBCX7sLwd24euuV69X,37230BxxYs9ksS7OkZw3IU","Me Porto Bonito","Un Verano Sin Ti","Bad Bunny,Chencho Corleone",2022-05-06,178567,90,spotify:user:12132863200,2023-11-04T03:13:58Z,"reggaeton,trap latino,urbano latino,reggaeton flow",0.911,0.712,1,-5.105,0,0.0817,0.0901,0.0000268,0.0933,0.425,92.005,4
1IHWl5LamUGEuP4ozKQSXZ,"4q3ewBCX7sLwd24euuV69X","Tití Me Preguntó","Un Verano Sin Ti","Bad Bunny",2022-05-06,243716,87,spotify:user:12132863200,2023-11-04T03:13:58Z,"reggaeton,trap latino,urbano latino",0.65,0.715,5,-5.198,0,0.253,0.0993,0.000291,0.126,0.187,106.672,4
5CzixCxDkRXX9mScCmah8O,"4q3ewBCX7sLwd24euuV69X","Un Ratito","Un Verano Sin Ti","Bad Bunny",2022-05-06,176936,79,spotify:user:12132863200,2023-11-04T03:13:58Z,"reggaeton,trap latino,urbano latino",0.787,0.546,0,-7.094,0,0.0532,0.305,0.0000455,0.122,0.222,93.05,4
5kVZxyMY1gfdCLiChsfjn1,"4q3ewBCX7sLwd24euuV69X","Yo No Soy Celoso","Un Verano Sin Ti","Bad Bunny",2022-05-06,230704,76,spotify:user:12132863200,2023-11-04T03:13:58Z,"reggaeton,trap latino,urbano latino",0.872,0.588,0,-6.276,1,0.0492,0.275,0,0.17,0.93,142.004,4
41oY4WCTj5kccfesTVFnvN,"4q3ewBCX7sLwd24euuV69X,6nVcHLIgY5pE2YCl8ubca1","Tarot","Un Verano Sin Ti","Bad Bunny,Jhayco",2022-05-06,237894,83,spotify:user:12132863200,2023-11-04T03:13:58Z,"reggaeton,trap latino,urbano latino",0.795,0.684,11,-3.971,0,0.0419,0.0225,0,0.658,0.419,114.011,4
31i56LZnwE6uSu3exoHjtB,"4q3ewBCX7sLwd24euuV69X","Neverita","Un Verano Sin Ti","Bad Bunny",2022-05-06,173119,84,spotify:user:12132863200,2023-11-04T03:13:58Z,"reggaeton,trap latino,urbano latino",0.876,0.498,10,-7.511,1,0.0478,0.0706,0,0.143,0.428,122.016,4
1797zYiX4cKosMH836X9Gt,"4q3ewBCX7sLwd24euuV69X,3LKXWvXFWrkwUzJWxzwVpW","La Corriente","Un Verano Sin Ti","Bad Bunny,Tony Dize",2022-05-06,198367,81,spotify:user:12132863200,2023-11-04T03:13:58Z,"reggaeton,trap latino,urbano latino",0.663,0.786,11,-3.51,0,0.195,0.229,0,0.219,0.579,196.12,4
5Eax0qFko2dh7Rl2lYs3bx,"4q3ewBCX7sLwd24euuV69X","Efecto","Un Verano Sin Ti","Bad Bunny",2022-05-06,213061,87,spotify:user:12132863200,2023-11-04T03:13:58Z,"reggaeton,trap latino,urbano latino",0.801,0.475,7,-8.797,0,0.0516,0.141,0.0000173,0.0639,0.234,98.047,4
4tYFy8ALRjIZvnvSLw5lxN,"4q3ewBCX7sLwd24euuV69X,1mcTU81TzQhprhouKaTkpq","Party","Un Verano Sin Ti","Bad Bunny,Rauw Alejandro",2022-05-06,227628,81,spotify:user:12132863200,2023-11-04T03:13:58Z,"reggaeton,trap latino,urbano latino,puerto rican pop",0.829,0.799,9,-5.389,1,0.0897,0.0151,0.000543,0.242,0.471,97.013,4
2uflssWlCaJ6CbTMOsUpNI,"4q3ewBCX7sLwd24euuV69X","Aguacero","Un Verano Sin Ti","Bad Bunny",2022-05-06,210989,76,spotify:user:12132863200,2023-11-04T03:13:58Z,"reggaeton,trap latino,urbano latino",0.861,0.645,6,-6.96,0,0.0743,0.423,0.000592,0.349,0.668,121.391,5
2NMjggapJcXXM7WccGEBUO,"4q3ewBCX7sLwd24euuV69X","Enséñame a Bailar","Un Verano Sin Ti","Bad Bunny",2022-05-06,176000,78,spotify:user:12132863200,2023-11-04T03:13:58Z,"reggaeton,trap latino,urbano latino",0.81,0.789,8,-5.08,1,0.0846,0.191,0.0000108,0.467,0.77,105.009,4
3k3NWokhRRkEPhCzPmV8TW,"4q3ewBCX7sLwd24euuV69X,5n9bMYfz9qss2VOW89EVs2","Ojitos Lindos","Un Verano Sin Ti","Bad Bunny,Bomba Estéreo",2022-05-06,258298,88,spotify:user:12132863200,2023-11-04T03:13:58Z,"reggaeton,trap latino,urbano latino,cumbia,latin alternative,latin rock,pop electronico,tropical alternativo",0.647,0.686,3,-5.745,0,0.0413,0.08,0.00000134,0.528,0.268,79.928,4
4d4ZXH4dr5bYfgErHiZCX2,"4q3ewBCX7sLwd24euuV69X","Dos Mil 16","Un Verano Sin Ti","Bad Bunny",2022-05-06,208615,79,spotify:user:12132863200,2023-11-04T03:13:58Z,"reggaeton,trap latino,urbano latino",0.817,0.67,1,-6.534,1,0.0506,0.123,0.00000192,0.128,0.495,130.058,3
0UvZcEfpzVyx47QsRbjyBz,"4q3ewBCX7sLwd24euuV69X","El Apagón","Un Verano Sin Ti","Bad Bunny",2022-05-06,201816,73,spotify:user:12132863200,2023-11-04T03:13:58Z,"reggaeton,trap latino,urbano latino",0.629,0.698,8,-4.485,1,0.308,0.0509,0.00166,0.0909,0.599,117.765,4
0E0DRHf5PfMeor0ZCwB3oT,"4q3ewBCX7sLwd24euuV69X,2sSGPbdZJkaSE2AbcGOACx","Otro Atardecer","Un Verano Sin Ti","Bad Bunny,The Marías",2022-05-06,244444,80,spotify:user:12132863200,2023-11-04T03:13:58Z,"reggaeton,trap latino,urbano latino,bedroom pop,la indie",0.777,0.595,2,-6.79,1,0.0375,0.59,0.00139,0.0669,0.546,108.02,4
6VrQTLzzuyGIYjUDe4kAZk,"4q3ewBCX7sLwd24euuV69X","Un Coco","Un Verano Sin Ti","Bad Bunny",2022-05-06,196412,82,spotify:user:12132863200,2023-11-04T03:13:58Z,"reggaeton,trap latino,urbano latino",0.839,0.69,11,-4.464,1,0.0615,0.207,0.00000833,0.176,0.744,151.991,4
44XjoNvtwevktFKjvVe1vH,"4q3ewBCX7sLwd24euuV69X,0MoaBi6dSquXp6rrlqlF8R","Andrea","Un Verano Sin Ti","Bad Bunny,Buscabulla",2022-05-06,339611,79,spotify:user:12132863200,2023-11-04T03:13:58Z,"reggaeton,trap latino,urbano latino,latintronica,puerto rican indie",0.797,0.616,1,-10.229,0,0.375,0.762,0.000293,0.0979,0.451,103.071,4
28GCbKgjlVD9eDmasGbe0T,"4q3ewBCX7sLwd24euuV69X","Me Fui de Vacaciones","Un Verano Sin Ti","Bad Bunny",2022-05-06,180929,77,spotify:user:12132863200,2023-11-04T03:13:58Z,"reggaeton,trap latino,urbano latino",0.714,0.645,10,-5.493,1,0.0514,0.229,0.00083,0.0942,0.434,85.046,4
18HOjcvTVV7W8YzBuOsAPS,"4q3ewBCX7sLwd24euuV69X","Un Verano Sin Ti","Un Verano Sin Ti","Bad Bunny",2022-05-06,148143,78,spotify:user:12132863200,2023-11-04T03:13:58Z,"reggaeton,trap latino,urbano latino",0.503,0.496,5,-9.123,0,0.0556,0.693,0,0.123,0.412,187.844,4
0wihfILRNOwE2156Shezc8,"4q3ewBCX7sLwd24euuV69X","Agosto","Un Verano Sin Ti","Bad Bunny",2022-05-06,139041,77,spotify:user:12132863200,2023-11-04T03:13:58Z,"reggaeton,trap latino,urbano latino",0.849,0.584,1,-8.195,0,0.115,0.0929,0.00000618,0.492,0.724,115.018,4
71wFwRo8xGc4lrcyKwsvba,"4q3ewBCX7sLwd24euuV69X,0GM7qgcRCORpGnfcN2tCiB","Callaita","Un Verano Sin Ti","Bad Bunny,Tainy",2022-05-06,250533,78,spotify:user:12132863200,2023-11-04T03:13:58Z,"reggaeton,trap latino,urbano latino,pop reggaeton",0.608,0.626,2,-4.773,1,0.301,0.597,0.00000216,0.25,0.246,176.086,4
5MxFWjuqQIsbNWbMdMdbli,"4SsVbpTthjScTS7U2hmr1X,4q3ewBCX7sLwd24euuV69X","La Jumpa","La Jumpa","Arcángel,Bad Bunny",2022-11-30,255693,80,spotify:user:12132863200,2023-11-04T03:14:00Z,"latin hip hop,reggaeton,trap latino,urbano latino",0.713,0.703,8,-5.769,1,0.194,0.298,0,0.321,0.576,123.06,4
54ELExv56KCAB4UP9cOCzC,"12vb80Km0Ew53ABfJOepVz,4q3ewBCX7sLwd24euuV69X","Gato de Noche","Gato de Noche","Ñengo Flow,Bad Bunny",2022-12-22,227013,84,spotify:user:12132863200,2023-11-04T03:14:01Z,"reggaeton,trap latino,urbano latino",0.892,0.662,8,-3.894,1,0.162,0.169,0.00000124,0.363,0.607,93.976,4
6pD0ufEQq0xdHSsRbg9LBK,"6XkjpgcEsYab502Vr1bBeW,4q3ewBCX7sLwd24euuV69X","un x100to","un x100to","Grupo Frontera,Bad Bunny",2023-04-17,194563,89,spotify:user:12132863200,2023-11-04T03:14:05Z,"musica chihuahuense,reggaeton,trap latino,urbano latino",0.569,0.724,6,-4.076,0,0.0474,0.228,0,0.27,0.562,83.118,4
7ro0hRteUMfnOioTFI5TG1,"4q3ewBCX7sLwd24euuV69X","WHERE SHE GOES","WHERE SHE GOES","Bad Bunny",2023-05-18,231704,91,spotify:user:12132863200,2023-11-04T03:14:06Z,"reggaeton,trap latino,urbano latino",0.652,0.8,9,-4.019,0,0.0614,0.143,0.629,0.112,0.234,143.978,4
5L3ecxQnQ9qTBmnLQiwf0C,"0Y5tJX1MQlPlqiwlOH1tJY,4q3ewBCX7sLwd24euuV69X,1Xyo4u8uXC1ZmMpatF05PJ","K-POP","K-POP","Travis Scott,Bad Bunny,The Weeknd",2023-07-21,185220,85,spotify:user:12132863200,2023-11-04T03:14:07Z,"hip hop,rap,slap house,reggaeton,trap latino,urbano latino,canadian contemporary r&b,canadian pop,pop",0.814,0.618,5,-5.614,0,0.0619,0.0386,0.00000334,0.671,0.535,121.075,4
63ui2w3QJBp8xx0c1MJB2Z,"4q3ewBCX7sLwd24euuV69X","UN PREVIEW","UN PREVIEW","Bad Bunny",2023-09-25,165582,91,spotify:user:12132863200,2023-11-04T03:14:08Z,"reggaeton,trap latino,urbano latino",0.786,0.814,1,-3.318,1,0.0873,0.0383,0.0000367,0.22,0.365,95.084,4
23d8v6tU6lR77pFKsApMtF,"4q3ewBCX7sLwd24euuV69X","NADIE SABE","nadie sabe lo que va a pasar mañana","Bad Bunny",2023-10-13,379058,89,spotify:user:12132863200,2023-11-04T03:14:09Z,"reggaeton,trap latino,urbano latino",0.529,0.711,11,-5.016,0,0.0669,0.572,0,0.0799,0.582,170.305,4
4MjDJD8cW7iVeWInc2Bdyj,"4q3ewBCX7sLwd24euuV69X","MONACO","nadie sabe lo que va a pasar mañana","Bad Bunny",2023-10-13,267194,98,spotify:user:12132863200,2023-11-04T03:14:09Z,"reggaeton,trap latino,urbano latino",0.787,0.621,4,-5.009,0,0.068,0.15,0.000402,0.58,0.13,139.056,4
3nNmRE0DxHC6ZaKkrpUumS,"4q3ewBCX7sLwd24euuV69X,3qsKSpcV3ncke3hw52JSMB","FINA","nadie sabe lo que va a pasar mañana","Bad Bunny,Young Miko",2023-10-13,216327,93,spotify:user:12132863200,2023-11-04T03:14:09Z,"reggaeton,trap latino,urbano latino",0.847,0.724,1,-5.41,1,0.298,0.0869,0.00000111,0.118,0.396,94.601,4
4qSEvFGCpde73gqIuq3sho,"4q3ewBCX7sLwd24euuV69X,0Q8NcsJwoCbZOHHW63su5S","HIBIKI","nadie sabe lo que va a pasar mañana","Bad Bunny,Mora",2023-10-13,208000,92,spotify:user:12132863200,2023-11-04T03:14:09Z,"reggaeton,trap latino,urbano latino",0.801,0.645,6,-5.605,0,0.0706,0.604,0,0.118,0.528,119.935,4
1ODFVLQszq0hCOdZtqV5wq,"4q3ewBCX7sLwd24euuV69X","MR. OCTOBER","nadie sabe lo que va a pasar mañana","Bad Bunny",2023-10-13,189258,89,spotify:user:12132863200,2023-11-04T03:14:09Z,"reggaeton,trap latino,urbano latino",0.805,0.612,8,-5.682,0,0.172,0.188,0.0000196,0.134,0.425,126.013,4
4Jc7252S1P99DjQ1lNGEOc,"4q3ewBCX7sLwd24euuV69X","CYBERTRUCK","nadie sabe lo que va a pasar mañana","Bad Bunny",2023-10-13,191959,88,spotify:user:12132863200,2023-11-04T03:14:09Z,"reggaeton,trap latino,urbano latino",0.704,0.905,6,-4.948,0,0.338,0.371,0.00000209,0.107,0.0991,151.823,4
0rDQZJtSGgsB2rdkObpdFa,"4q3ewBCX7sLwd24euuV69X","VOU 787","nadie sabe lo que va a pasar mañana","Bad Bunny",2023-10-13,123643,86,spotify:user:12132863200,2023-11-04T03:14:09Z,"reggaeton,trap latino,urbano latino",0.834,0.555,5,-7.902,0,0.197,0.0488,0,0.265,0.563,125.015,4
1YnChEM51BVZ5dRhbVFEMl,"4q3ewBCX7sLwd24euuV69X,6w9ToX5slZ4uIdmD17hJ3c","SEDA","nadie sabe lo que va a pasar mañana","Bad Bunny,Bryant Myers",2023-10-13,190476,90,spotify:user:12132863200,2023-11-04T03:14:09Z,"reggaeton,trap latino,urbano latino,reggaeton flow",0.706,0.566,6,-6.441,0,0.126,0.268,0.00000102,0.111,0.23,125.876,4
1U3A66OHQyTu4N2QTMsP86,"4q3ewBCX7sLwd24euuV69X","GRACIAS POR NADA","nadie sabe lo que va a pasar mañana","Bad Bunny",2023-10-13,177450,87,spotify:user:12132863200,2023-11-04T03:14:09Z,"reggaeton,trap latino,urbano latino",0.778,0.555,6,-5.473,0,0.231,0.325,0,0.111,0.271,143.916,4
01ppKlDRCmPpusO3yNrSRY,"4q3ewBCX7sLwd24euuV69X,4axKuDPr6WKcDCyh8vueTY","TELEFONO NUEVO","nadie sabe lo que va a pasar mañana","Bad Bunny,Luar La L",2023-10-13,354784,89,spotify:user:12132863200,2023-11-04T03:14:09Z,"reggaeton,trap latino,urbano latino",0.619,0.619,2,-6.238,1,0.491,0.407,0,0.0932,0.393,125.752,4
3NhstUmrlhaN1M6hP8zMbb,"4q3ewBCX7sLwd24euuV69X","BABY NUEVA","nadie sabe lo que va a pasar mañana","Bad Bunny",2023-10-13,240773,90,spotify:user:12132863200,2023-11-04T03:14:09Z,"reggaeton,trap latino,urbano latino",0.866,0.63,10,-4.816,0,0.0616,0.504,0.000505,0.328,0.359,117.924,4
3TYOH7ta0101NYssoH5GlU,"4q3ewBCX7sLwd24euuV69X,4aSlfXDn9R60UlbZEboBUy","MERCEDES CAROTA","nadie sabe lo que va a pasar mañana","Bad Bunny,YOVNGCHIMI",2023-10-13,202635,88,spotify:user:12132863200,2023-11-04T03:14:09Z,"reggaeton,trap latino,urbano latino",0.822,0.487,1,-5.815,1,0.223,0.385,0.0000655,0.115,0.193,134.046,4
7ucEkWU0SVy0XFdfXESgfY,"4q3ewBCX7sLwd24euuV69X","LOS PITS","nadie sabe lo que va a pasar mañana","Bad Bunny",2023-10-13,250851,87,spotify:user:12132863200,2023-11-04T03:14:09Z,"reggaeton,trap latino,urbano latino",0.751,0.669,7,-5.367,1,0.445,0.442,0.00000211,0.15,0.69,93.705,4
3mRF0YNsDdFKFnxwg16hSz,"4q3ewBCX7sLwd24euuV69X","VUELVE CANDY B","nadie sabe lo que va a pasar mañana","Bad Bunny",2023-10-13,266171,86,spotify:user:12132863200,2023-11-04T03:14:09Z,"reggaeton,trap latino,urbano latino",0.785,0.691,4,-3.119,0,0.0904,0.223,0.00000174,0.154,0.225,122.92,4
5qzLdvRViHUrRNdkpakG7C,"4q3ewBCX7sLwd24euuV69X","BATICANO","nadie sabe lo que va a pasar mañana","Bad Bunny",2023-10-13,256000,86,spotify:user:12132863200,2023-11-04T03:14:09Z,"reggaeton,trap latino,urbano latino",0.785,0.6,3,-7.793,0,0.0656,0.455,0.00000676,0.131,0.431,105.009,4
39L3LdlHS3gqB62HPWaJRg,"4q3ewBCX7sLwd24euuV69X","NO ME QUIERO CASAR","nadie sabe lo que va a pasar mañana","Bad Bunny",2023-10-13,225654,87,spotify:user:12132863200,2023-11-04T03:14:09Z,"reggaeton,trap latino,urbano latino",0.914,0.698,1,-5.228,1,0.115,0.32,0.00000876,0.083,0.757,99.011,4
2sTDlCxmuZCTDKKk9f1qus,"4q3ewBCX7sLwd24euuV69X","WHERE SHE GOES","nadie sabe lo que va a pasar mañana","Bad Bunny",2023-10-13,231704,85,spotify:user:12132863200,2023-11-04T03:14:09Z,"reggaeton,trap latino,urbano latino",0.651,0.799,9,-4.02,0,0.0611,0.143,0.634,0.112,0.223,143.992,4
4pcafPzLDSqQktqSpxHL3E,"4q3ewBCX7sLwd24euuV69X,5XJDexmWFLWOkjOEjOVX3e","THUNDER Y LIGHTNING","nadie sabe lo que va a pasar mañana","Bad Bunny,Eladio Carrion",2023-10-13,217133,87,spotify:user:12132863200,2023-11-04T03:14:09Z,"reggaeton,trap latino,urbano latino,trap boricua,trap triste",0.552,0.744,4,-2.656,0,0.124,0.496,0,0.112,0.627,156.027,4
7iQXYTyuG13aoeHxGG28Nh,"4q3ewBCX7sLwd24euuV69X,2LRoIwlKmHjgvigdNGBHNo","PERRO NEGRO","nadie sabe lo que va a pasar mañana","Bad Bunny,Feid",2023-10-13,162767,97,spotify:user:12132863200,2023-11-04T03:14:09Z,"reggaeton,trap latino,urbano latino,colombian pop,pop reggaeton,reggaeton colombiano",0.911,0.778,5,-2.248,1,0.262,0.0887,0.0000216,0.179,0.345,96.057,4
6vh4S1z08AjGipGAEsV62e,"4q3ewBCX7sLwd24euuV69X","EUROPA :(","nadie sabe lo que va a pasar mañana","Bad Bunny",2023-10-13,11904,30,spotify:user:12132863200,2023-11-04T03:14:09Z,"reggaeton,trap latino,urbano latino"
1C7lXfx4Y5maVl4AgUVlHA,"4q3ewBCX7sLwd24euuV69X,4SsVbpTthjScTS7U2hmr1X,3EiLUeyEcA6fbRPSHkG5kb,12vb80Km0Ew53ABfJOepVz","ACHO PR","nadie sabe lo que va a pasar mañana","Bad Bunny,Arcángel,De La Ghetto,Ñengo Flow",2023-10-13,359647,86,spotify:user:12132863200,2023-11-04T03:14:09Z,"reggaeton,trap latino,urbano latino,latin hip hop,reggaeton flow",0.541,0.796,7,-5.177,1,0.347,0.317,0,0.193,0.469,85.205,4
5ixdmTpCmH5diBA1j154wN,"4q3ewBCX7sLwd24euuV69X","UN PREVIEW","nadie sabe lo que va a pasar mañana","Bad Bunny",2023-10-13,165582,87,spotify:user:12132863200,2023-11-04T03:14:09Z,"reggaeton,trap latino,urbano latino",0.795,0.815,1,-3.322,1,0.0821,0.0368,0.0000382,0.227,0.334,94.991,4
