﻿Spotify ID,Artist IDs,Track Name,Album Name,Artist Name(s),Release Date,Duration (ms),Popularity,Added By,Added At,Genres,Danceability,Energy,Key,Loudness,Mode,Speechiness,Acousticness,Instrumentalness,Liveness,Valence,Tempo,Time Signature
2VlLbhGLVJgdOW7kKdWWFc,"6qqNVTkY8uBg9cP3Jd7DAH","Six Feet Under","Six Feet Under","Billie Eilish",2016-11-17,189613,76,spotify:user:12132863200,2023-11-04T03:22:22Z,"art pop,pop",0.576,0.307,11,-12.732,0,0.0428,0.807,0.000355,0.0792,0.157,67.513,4
2uIX8YMNjGMD7441kqyyNU,"6qqNVTkY8uBg9cP3Jd7DAH","ocean eyes","Ocean Eyes","Billie Eilish",2016-11-18,200560,75,spotify:user:12132863200,2023-11-04T03:22:26Z,"art pop,pop",0.475,0.37,4,-7.725,0,0.0361,0.819,0.0577,0.0841,0.157,144.828,4
6NOq79ynBpBi6BSJMdgReN,"6qqNVTkY8uBg9cP3Jd7DAH,3EpmmPtV7DduqNmeqaADIm","Ocean Eyes - Astronomyy Remix","Ocean Eyes (The Remixes)","Billie Eilish,Astronomyy",2017-01-13,296266,61,spotify:user:12132863200,2023-11-04T03:22:27Z,"art pop,pop,indie poptimism,vapor pop",0.594,0.481,4,-8.525,0,0.0353,0.629,0.0126,0.0939,0.0671,144.941,4
4JuZQeSRYJfLCqBgBIxxrR,"6qqNVTkY8uBg9cP3Jd7DAH,2cFrymmkijnjDg9SS92EPM","Ocean Eyes - Blackbear Remix","Ocean Eyes (The Remixes)","Billie Eilish,blackbear",2017-01-13,195306,67,spotify:user:12132863200,2023-11-04T03:22:27Z,"art pop,pop",0.661,0.419,4,-9.807,0,0.0404,0.114,0.0000119,0.0848,0.145,144.98,4
1JbuC7uZm0P1PyX7N7gDEM,"6qqNVTkY8uBg9cP3Jd7DAH,670UISOh9XV1zlq5z5IfoY","Ocean Eyes - GOLDHOUSE Remix","Ocean Eyes (The Remixes)","Billie Eilish,GOLDHOUSE",2017-01-13,213600,53,spotify:user:12132863200,2023-11-04T03:22:27Z,"art pop,pop,pop edm",0.425,0.954,7,-2.573,1,0.0383,0.0344,0.358,0.187,0.572,199.843,4
3bM4b4P6QFDnjdXXI2zufO,"6qqNVTkY8uBg9cP3Jd7DAH,6iWuBN32BqCJAeXW6o3nil","Ocean Eyes - Cautious Clay Remix","Ocean Eyes (The Remixes)","Billie Eilish,Cautious Clay",2017-01-13,191293,40,spotify:user:12132863200,2023-11-04T03:22:27Z,"art pop,pop,indie r&b,nyc pop",0.845,0.486,4,-8.89,0,0.374,0.154,0.0222,0.0618,0.604,82.497,4
4D5sitThGoz0RnMsFdFUuz,"6qqNVTkY8uBg9cP3Jd7DAH,0bI3VA9gVcpoOzrklKgG7V","Six Feet Under - BLU J Remix","Six Feet Under (The Remixes)","Billie Eilish,BLU J",2017-02-03,215624,46,spotify:user:12132863200,2023-11-04T03:22:31Z,"art pop,pop,future house",0.691,0.823,11,-5.969,0,0.0384,0.0392,0.00164,0.127,0.108,128.014,4
3UHa28GclZhNqqlaNFzKKY,"6qqNVTkY8uBg9cP3Jd7DAH,5st4KKihmnSMLRsxWOs2x3","Six Feet Under - Gazzo Remix","Six Feet Under (The Remixes)","Billie Eilish,Gazzo",2017-02-03,208000,46,spotify:user:12132863200,2023-11-04T03:22:31Z,"art pop,pop,pop edm",0.698,0.841,11,-6.269,0,0.0433,0.118,0.0817,0.102,0.42,150.064,4
58nxGpcCfNDiqmFXklOslz,"6qqNVTkY8uBg9cP3Jd7DAH,356FCJoyYWyzONni54Dgrv","Six Feet Under - Jerry Folk Remix","Six Feet Under (The Remixes)","Billie Eilish,Jerry Folk",2017-02-03,200898,55,spotify:user:12132863200,2023-11-04T03:22:31Z,"art pop,pop,vapor soul,vapor twitch",0.447,0.216,11,-12.815,0,0.0508,0.66,0.011,0.139,0.0396,134.868,4
75WGjm9867pcRxGwiLRwK8,"6qqNVTkY8uBg9cP3Jd7DAH,6Ta9RS3a6sLulTlM4FWY5K","Six Feet Under - Aire Atlantica Remix","Six Feet Under (The Remixes)","Billie Eilish,Aire Atlantica",2017-02-03,221718,45,spotify:user:12132863200,2023-11-04T03:22:31Z,"art pop,pop,nyc pop",0.67,0.863,11,-4.368,0,0.0874,0.0651,0.000017,0.11,0.292,141.955,4
51NFxnQvaosfDDutk0tams,"6qqNVTkY8uBg9cP3Jd7DAH","bellyache","Bellyache","Billie Eilish",2017-02-24,179172,81,spotify:user:12132863200,2023-11-04T03:22:33Z,"art pop,pop",0.695,0.573,4,-8.597,0,0.106,0.46,0.0734,0.482,0.408,99.939,4
04sN26COy28wTXYj3dMoiZ,"6qqNVTkY8uBg9cP3Jd7DAH","Bored","Bored","Billie Eilish",2017-03-30,180933,84,spotify:user:12132863200,2023-11-04T03:22:34Z,"art pop,pop",0.614,0.318,7,-12.695,1,0.0478,0.896,0.00239,0.0795,0.112,119.959,4
61X077SWMs5aAGQHhf4pd0,"6qqNVTkY8uBg9cP3Jd7DAH,1xHQO9GJIW9OXHxGBISYc5","Bellyache - Marian Hill Remix","Bellyache (Marian Hill Remix)","Billie Eilish,Marian Hill",2017-05-05,220800,59,spotify:user:12132863200,2023-11-04T03:22:35Z,"art pop,pop,electropop",0.832,0.368,4,-8.627,0,0.133,0.2,0.0513,0.353,0.2,100.045,4
7uX3gufAoBVqKVoD3dBLLD,"6qqNVTkY8uBg9cP3Jd7DAH,68kEuyFKyqrdQQLLsmiatm","&burn (with Vince Staples)","&burn (with Vince Staples)","Billie Eilish,Vince Staples",2017-12-15,179015,60,spotify:user:12132863200,2023-11-04T03:22:36Z,"art pop,pop,conscious hip hop,hip hop,rap,underground hip hop",0.776,0.379,9,-9.351,0,0.331,0.213,0.00175,0.0969,0.346,82.531,4
5w7wuzMzsDer96KqxafeRK,"6qqNVTkY8uBg9cP3Jd7DAH","COPYCAT","dont smile at me","Billie Eilish",2017-12-22,194711,75,spotify:user:12132863200,2023-11-04T03:22:37Z,"art pop,pop",0.679,0.388,4,-10.977,0,0.0932,0.353,0.0000925,0.341,0.234,124.909,4
41zXlQxzTi6cGAjpOXyLYH,"6qqNVTkY8uBg9cP3Jd7DAH","idontwannabeyouanymore","dont smile at me","Billie Eilish",2017-12-22,203569,82,spotify:user:12132863200,2023-11-04T03:22:37Z,"art pop,pop",0.483,0.412,7,-8.461,1,0.0402,0.737,0,0.116,0.247,170.163,3
1RGasjWLZ4qMN7wbtkLa3u,"6qqNVTkY8uBg9cP3Jd7DAH","my boy","dont smile at me","Billie Eilish",2017-12-22,170852,75,spotify:user:12132863200,2023-11-04T03:22:37Z,"art pop,pop",0.692,0.394,11,-8.745,0,0.207,0.472,0.000191,0.117,0.324,89.936,4
7eB1V5LvAdxCc7brfGhRRo,"6qqNVTkY8uBg9cP3Jd7DAH","watch","dont smile at me","Billie Eilish",2017-12-22,177523,82,spotify:user:12132863200,2023-11-04T03:22:37Z,"art pop,pop",0.441,0.599,0,-8.985,1,0.225,0.333,0.00198,0.103,0.35,165.212,4
3WxmlTZ85sCYFnuIXmUAEe,"6qqNVTkY8uBg9cP3Jd7DAH","party favor","dont smile at me","Billie Eilish",2017-12-22,204770,70,spotify:user:12132863200,2023-11-04T03:22:37Z,"art pop,pop",0.826,0.188,0,-12.181,1,0.0883,0.882,0.00000283,0.103,0.205,130.022,4
1ni8ZTAY1GHXEFOGHl7fdg,"6qqNVTkY8uBg9cP3Jd7DAH","bellyache","dont smile at me","Billie Eilish",2017-12-22,179172,69,spotify:user:12132863200,2023-11-04T03:22:37Z,"art pop,pop",0.695,0.573,4,-8.597,0,0.106,0.46,0.0734,0.482,0.408,99.939,4
7hDVYcQq6MxkdJGweuCtl9,"6qqNVTkY8uBg9cP3Jd7DAH","ocean eyes","dont smile at me","Billie Eilish",2017-12-22,200379,84,spotify:user:12132863200,2023-11-04T03:22:37Z,"art pop,pop",0.511,0.363,4,-7.65,0,0.041,0.816,0.0317,0.084,0.169,144.892,4
1WsEgieHsWWndAzLkmV105,"6qqNVTkY8uBg9cP3Jd7DAH","hostage","dont smile at me","Billie Eilish",2017-12-22,229425,77,spotify:user:12132863200,2023-11-04T03:22:37Z,"art pop,pop",0.427,0.123,9,-15.228,0,0.0497,0.868,0.0000312,0.0732,0.0394,129.565,5
6X7qcg95CAeJpTjtg1wooM,"6qqNVTkY8uBg9cP3Jd7DAH,68kEuyFKyqrdQQLLsmiatm","&burn (with Vince Staples)","dont smile at me","Billie Eilish,Vince Staples",2017-12-22,179015,61,spotify:user:12132863200,2023-11-04T03:22:37Z,"art pop,pop,conscious hip hop,hip hop,rap,underground hip hop",0.776,0.379,9,-9.351,0,0.331,0.213,0.00175,0.0969,0.346,82.531,4
2njUxZ4151DWIrfIK3loFj,"6qqNVTkY8uBg9cP3Jd7DAH,586uxXMyD5ObPuzjtrzO1Q","COPYCAT - Sofi Tukker Remix","COPYCAT (Sofi Tukker Remix)","Billie Eilish,Sofi Tukker",2018-01-12,198684,57,spotify:user:12132863200,2023-11-04T03:22:39Z,"art pop,pop,edm",0.682,0.955,4,-5.02,0,0.0591,0.0585,0.0000318,0.226,0.451,124.999,4
1T3E8z6VMXSsACrBSQHTkN,"6qqNVTkY8uBg9cP3Jd7DAH,0tvpihdAsKiNnP6sWS3jUI","MyBoi - TroyBoi Remix","MyBoi (TroyBoi Remix)","Billie Eilish,TroyBoi",2018-03-09,211304,57,spotify:user:12132863200,2023-11-04T03:22:40Z,"art pop,pop,bass trap,electronic trap",0.879,0.58,2,-4.797,1,0.0883,0.00626,0.0433,0.0653,0.312,92.004,4
5t3Vk8bRKylx4fjj7qlbib,"6qqNVTkY8uBg9cP3Jd7DAH","bitches broken hearts","bitches broken hearts","Billie Eilish",2018-03-30,176471,75,spotify:user:12132863200,2023-11-04T03:22:41Z,"art pop,pop",0.778,0.422,0,-10.114,1,0.0482,0.921,0.00924,0.0958,0.187,120.033,4
0u2P5u6lvoDfwTYjAADbn4,"6qqNVTkY8uBg9cP3Jd7DAH,6LuN9FCkKOj5PcnpouEgny","lovely (with Khalid)","lovely (with Khalid)","Billie Eilish,Khalid",2018-04-19,200185,91,spotify:user:12132863200,2023-11-04T03:22:42Z,"art pop,pop,pop r&b",0.351,0.296,4,-10.109,0,0.0333,0.934,0,0.095,0.12,115.284,4
7wC5eZcFS1Q1BsQ35DU6H4,"6qqNVTkY8uBg9cP3Jd7DAH","come out and play","come out and play","Billie Eilish",2018-11-20,210375,68,spotify:user:12132863200,2023-11-04T03:22:46Z,"art pop,pop",0.64,0.321,0,-14.604,1,0.0931,0.693,0.0307,0.114,0.177,145.045,4
7tGEAA1f8MydT7eVbbO9Zy,"6qqNVTkY8uBg9cP3Jd7DAH","WHEN I WAS OLDER - Music Inspired By The Film ROMA","WHEN I WAS OLDER (Music Inspired By The Film ROMA)","Billie Eilish",2019-01-09,270519,65,spotify:user:12132863200,2023-11-04T03:22:47Z,"art pop,pop",0.696,0.332,6,-12.834,1,0.0425,0.853,0.433,0.0848,0.0628,150.13,4
0rQtoQXQfwpDW0c7Fw1NeM,"6qqNVTkY8uBg9cP3Jd7DAH","!!!!!!!","WHEN WE ALL FALL ASLEEP, WHERE DO WE GO?","Billie Eilish",2019-03-29,13578,20,spotify:user:12132863200,2023-11-04T03:22:48Z,"art pop,pop",0,0.278,1,-21.63,1,0,0.768,0,0.669,0,0,0
2Fxmhks0bxGSBdJ92vM42m,"6qqNVTkY8uBg9cP3Jd7DAH","bad guy","WHEN WE ALL FALL ASLEEP, WHERE DO WE GO?","Billie Eilish",2019-03-29,194087,86,spotify:user:12132863200,2023-11-04T03:22:48Z,"art pop,pop",0.701,0.425,7,-10.965,1,0.375,0.328,0.13,0.1,0.562,135.128,4
4QIo4oxwzzafcBWkKjDpXY,"6qqNVTkY8uBg9cP3Jd7DAH","xanny","WHEN WE ALL FALL ASLEEP, WHERE DO WE GO?","Billie Eilish",2019-03-29,243725,73,spotify:user:12132863200,2023-11-04T03:22:48Z,"art pop,pop",0.521,0.125,9,-17.832,1,0.239,0.751,0.00207,0.265,0.0528,111.554,4
3XF5xLJHOQQRbWya6hBp7d,"6qqNVTkY8uBg9cP3Jd7DAH","you should see me in a crown","WHEN WE ALL FALL ASLEEP, WHERE DO WE GO?","Billie Eilish",2019-03-29,180952,79,spotify:user:12132863200,2023-11-04T03:22:48Z,"art pop,pop",0.678,0.533,4,-10.485,1,0.186,0.462,0.219,0.139,0.323,150.455,4
6IRdLKIyS4p7XNiP8r6rsx,"6qqNVTkY8uBg9cP3Jd7DAH","all the good girls go to hell","WHEN WE ALL FALL ASLEEP, WHERE DO WE GO?","Billie Eilish",2019-03-29,168839,77,spotify:user:12132863200,2023-11-04T03:22:48Z,"art pop,pop",0.726,0.444,8,-8.922,0,0.372,0.283,0.143,0.177,0.569,185.044,4
3Fj47GNK2kUF0uaEDgXLaD,"6qqNVTkY8uBg9cP3Jd7DAH","wish you were gay","WHEN WE ALL FALL ASLEEP, WHERE DO WE GO?","Billie Eilish",2019-03-29,221543,76,spotify:user:12132863200,2023-11-04T03:22:48Z,"art pop,pop",0.853,0.351,7,-10.198,1,0.241,0.39,0.00000938,0.752,0.282,118.028,4
43zdsphuZLzwA9k4DJhU0I,"6qqNVTkY8uBg9cP3Jd7DAH","when the party's over","WHEN WE ALL FALL ASLEEP, WHERE DO WE GO?","Billie Eilish",2019-03-29,196077,85,spotify:user:12132863200,2023-11-04T03:22:48Z,"art pop,pop",0.367,0.111,4,-14.084,1,0.0972,0.978,0.0000397,0.0897,0.198,82.642,4
6X29iaaazwho3ab7GNue5r,"6qqNVTkY8uBg9cP3Jd7DAH","8","WHEN WE ALL FALL ASLEEP, WHERE DO WE GO?","Billie Eilish",2019-03-29,173201,70,spotify:user:12132863200,2023-11-04T03:22:48Z,"art pop,pop",0.735,0.235,3,-13.239,1,0.315,0.698,0.00604,0.107,0.462,62.446,4
3Tc57t9l2O8FwQZtQOvPXK,"6qqNVTkY8uBg9cP3Jd7DAH","my strange addiction","WHEN WE ALL FALL ASLEEP, WHERE DO WE GO?","Billie Eilish",2019-03-29,179889,75,spotify:user:12132863200,2023-11-04T03:22:48Z,"art pop,pop",0.939,0.305,8,-10.952,0,0.354,0.35,0.000169,0.105,0.563,100.029,4
4SSnFejRGlZikf02HLewEF,"6qqNVTkY8uBg9cP3Jd7DAH","bury a friend","WHEN WE ALL FALL ASLEEP, WHERE DO WE GO?","Billie Eilish",2019-03-29,193143,78,spotify:user:12132863200,2023-11-04T03:22:48Z,"art pop,pop",0.905,0.389,8,-14.505,1,0.332,0.74,0.162,0.106,0.196,120.046,4
7qEKqBCD2vE5vIBsrUitpD,"6qqNVTkY8uBg9cP3Jd7DAH","ilomilo","WHEN WE ALL FALL ASLEEP, WHERE DO WE GO?","Billie Eilish",2019-03-29,156370,74,spotify:user:12132863200,2023-11-04T03:22:48Z,"art pop,pop",0.855,0.423,5,-15.044,0,0.0585,0.724,0.469,0.0896,0.572,120.02,4
0tMSssfxAL2oV8Vri0mFHE,"6qqNVTkY8uBg9cP3Jd7DAH","listen before i go","WHEN WE ALL FALL ASLEEP, WHERE DO WE GO?","Billie Eilish",2019-03-29,242652,78,spotify:user:12132863200,2023-11-04T03:22:48Z,"art pop,pop",0.319,0.0561,0,-23.023,1,0.045,0.935,0.00384,0.388,0.082,79.764,3
6CcJMwBtXByIz4zQLzFkKc,"6qqNVTkY8uBg9cP3Jd7DAH","i love you","WHEN WE ALL FALL ASLEEP, WHERE DO WE GO?","Billie Eilish",2019-03-29,291796,82,spotify:user:12132863200,2023-11-04T03:22:48Z,"art pop,pop",0.421,0.131,0,-18.435,1,0.0382,0.952,0.00453,0.109,0.12,137.446,4
3LgWsmilsrWXiPYQFRD0T7,"6qqNVTkY8uBg9cP3Jd7DAH","goodbye","WHEN WE ALL FALL ASLEEP, WHERE DO WE GO?","Billie Eilish",2019-03-29,119409,70,spotify:user:12132863200,2023-11-04T03:22:48Z,"art pop,pop",0.153,0.138,6,-21.877,0,0.0503,0.837,0.55,0.254,0.0503,74.318,3
3yNZ5r3LKfdmjoS3gkhUCT,"6qqNVTkY8uBg9cP3Jd7DAH,1uNFoZAHBGtllmzznpCI3s","bad guy (with Justin Bieber)","bad guy (with Justin Bieber)","Billie Eilish,Justin Bieber",2019-07-11,194839,68,spotify:user:12132863200,2023-11-04T03:22:49Z,"art pop,pop,canadian pop",0.67,0.453,0,-11.265,1,0.295,0.252,0.33,0.117,0.68,135.055,4
3ZCTVFBt2Brf31RLEnCkWJ,"6qqNVTkY8uBg9cP3Jd7DAH","everything i wanted","everything i wanted","Billie Eilish",2019-11-13,245425,86,spotify:user:12132863200,2023-11-04T03:22:50Z,"art pop,pop",0.704,0.225,6,-14.454,0,0.0994,0.902,0.657,0.106,0.243,120.006,4
73SpzrcaHk0RQPFP73vqVR,"6qqNVTkY8uBg9cP3Jd7DAH","No Time To Die","No Time To Die","Billie Eilish",2020-02-13,242265,79,spotify:user:12132863200,2023-11-04T03:22:52Z,"art pop,pop",0.38,0.219,4,-13.273,0,0.0358,0.917,0.0104,0.0827,0.0517,73.537,4
2ygvZOXrIeVL4xZmAWJT2C,"6qqNVTkY8uBg9cP3Jd7DAH","my future","my future","Billie Eilish",2020-07-30,208155,72,spotify:user:12132863200,2023-11-04T03:22:53Z,"art pop,pop",0.444,0.309,8,-10.956,1,0.062,0.795,0.132,0.352,0.0875,104.745,4
54bFM56PmE4YLRnqpW6Tha,"6qqNVTkY8uBg9cP3Jd7DAH","Therefore I Am","Therefore I Am","Billie Eilish",2020-11-12,174321,75,spotify:user:12132863200,2023-11-04T03:22:54Z,"art pop,pop",0.889,0.34,11,-7.773,0,0.0697,0.218,0.13,0.055,0.716,94.009,4
0psS4i5YooJrXfDnGvWRLi,"6qqNVTkY8uBg9cP3Jd7DAH,7ltDVBr6mKbRvohxheJ9h1","Lo Vas A Olvidar (with ROSALÍA)","Lo Vas A Olvidar (with ROSALÍA)","Billie Eilish,ROSALÍA",2021-01-21,203464,65,spotify:user:12132863200,2023-11-04T03:22:55Z,"art pop,pop,latin viral pop,r&b en espanol",0.343,0.243,4,-14.66,0,0.0777,0.721,0.00198,0.0668,0.032,135.154,4
4EYiIACD4vGzOmiKYzRdkW,"6qqNVTkY8uBg9cP3Jd7DAH","ilomilo - Live From The Film - Billie Eilish: The World’s A Little Blurry","ilomilo (Live From The Film - Billie Eilish: The World’s A Little Blurry)","Billie Eilish",2021-02-22,164051,61,spotify:user:12132863200,2023-11-04T03:22:56Z,"art pop,pop",0.749,0.832,5,-8.415,0,0.0408,0.213,0.276,0.728,0.487,120.046,4
32BeYxKPrig1LefHsC0Xuo,"6qqNVTkY8uBg9cP3Jd7DAH","Happier Than Ever - Edit","Happier Than Ever (Edit)","Billie Eilish",2021-07-28,151444,80,spotify:user:12132863200,2023-11-04T03:22:58Z,"art pop,pop",0.334,0.599,0,-5.742,1,0.0365,0.0468,0.000392,0.205,0.127,161.74,3
4HOryCnbme0zBnF8LWij3f,"6qqNVTkY8uBg9cP3Jd7DAH","Getting Older","Happier Than Ever","Billie Eilish",2021-07-30,244221,73,spotify:user:12132863200,2023-11-04T03:22:59Z,"art pop,pop",0.599,0.128,10,-17.261,1,0.109,0.974,0.121,0.115,0.367,159.679,4
7bcy34fBT2ap1L4bfPsl9q,"6qqNVTkY8uBg9cP3Jd7DAH","I Didn't Change My Number","Happier Than Ever","Billie Eilish",2021-07-30,158463,75,spotify:user:12132863200,2023-11-04T03:22:59Z,"art pop,pop",0.849,0.48,9,-5.835,1,0.226,0.612,0.269,0.295,0.677,142.021,4
2KnuaZYoGzDoHiBTNYOTXG,"6qqNVTkY8uBg9cP3Jd7DAH","Billie Bossa Nova","Happier Than Ever","Billie Eilish",2021-07-30,196730,80,spotify:user:12132863200,2023-11-04T03:22:59Z,"art pop,pop",0.895,0.389,7,-11.036,0,0.11,0.222,0.0346,0.105,0.549,110.023,4
3YUMWmx8EJq0DurfuIwoGh,"6qqNVTkY8uBg9cP3Jd7DAH","my future","Happier Than Ever","Billie Eilish",2021-07-30,210005,71,spotify:user:12132863200,2023-11-04T03:22:59Z,"art pop,pop",0.456,0.285,8,-10.755,1,0.0979,0.814,0.143,0.307,0.0809,104.89,4
4t2OeILB07eMGTXSUbMPEu,"6qqNVTkY8uBg9cP3Jd7DAH","Oxytocin","Happier Than Ever","Billie Eilish",2021-07-30,210232,71,spotify:user:12132863200,2023-11-04T03:22:59Z,"art pop,pop",0.757,0.598,11,-7.777,1,0.058,0.0904,0.551,0.15,0.18,124.951,4
0FfqyjhB6Kspvit1oOo7ax,"6qqNVTkY8uBg9cP3Jd7DAH","GOLDWING","Happier Than Ever","Billie Eilish",2021-07-30,151536,71,spotify:user:12132863200,2023-11-04T03:22:59Z,"art pop,pop",0.654,0.303,5,-13.943,0,0.126,0.755,0.159,0.0957,0.168,160.095,4
4191RXFPa7Ge9XkA4cWlna,"6qqNVTkY8uBg9cP3Jd7DAH","Lost Cause","Happier Than Ever","Billie Eilish",2021-07-30,212496,72,spotify:user:12132863200,2023-11-04T03:22:59Z,"art pop,pop",0.526,0.334,10,-8.491,0,0.251,0.702,0.00782,0.0586,0.522,74.966,4
5XsAal7ZcWg1I5T4NcRjkv,"6qqNVTkY8uBg9cP3Jd7DAH","Halley's Comet","Happier Than Ever","Billie Eilish",2021-07-30,234761,79,spotify:user:12132863200,2023-11-04T03:22:59Z,"art pop,pop",0.403,0.159,1,-16.728,0,0.104,0.961,0.0121,0.34,0.0381,72.38,4
4T2zre0jqstNJ5Gt0WG9lz,"6qqNVTkY8uBg9cP3Jd7DAH","Not My Responsibility","Happier Than Ever","Billie Eilish",2021-07-30,227679,70,spotify:user:12132863200,2023-11-04T03:22:59Z,"art pop,pop",0.468,0.13,1,-18.031,1,0.0571,0.454,0.927,0.0819,0.0362,115.039,4
5uSG6fUPRaehaV820zcpsK,"6qqNVTkY8uBg9cP3Jd7DAH","OverHeated","Happier Than Ever","Billie Eilish",2021-07-30,214058,69,spotify:user:12132863200,2023-11-04T03:22:59Z,"art pop,pop",0.777,0.522,8,-12.496,0,0.0535,0.527,0.838,0.0968,0.182,115.008,4
5jhBwnqzNNrENXnYrAdoCe,"6qqNVTkY8uBg9cP3Jd7DAH","Everybody Dies","Happier Than Ever","Billie Eilish",2021-07-30,206622,71,spotify:user:12132863200,2023-11-04T03:22:59Z,"art pop,pop",0.275,0.155,7,-17.285,0,0.0674,0.928,0.176,0.0888,0.0588,65.136,3
042Sl6Mn83JHyLEqdK7uI0,"6qqNVTkY8uBg9cP3Jd7DAH","Your Power","Happier Than Ever","Billie Eilish",2021-07-30,245896,76,spotify:user:12132863200,2023-11-04T03:22:59Z,"art pop,pop",0.632,0.284,9,-14.025,0,0.0801,0.932,0.000476,0.233,0.208,129.642,4
38GBNKZUhfBkk3oNlWzRYd,"6qqNVTkY8uBg9cP3Jd7DAH","NDA","Happier Than Ever","Billie Eilish",2021-07-30,195776,77,spotify:user:12132863200,2023-11-04T03:22:59Z,"art pop,pop",0.765,0.373,8,-9.921,1,0.0713,0.341,0.525,0.112,0.554,85.016,4
20R4HfKloPKgXDqU7UKk3x,"6qqNVTkY8uBg9cP3Jd7DAH","Therefore I Am","Happier Than Ever","Billie Eilish",2021-07-30,173539,74,spotify:user:12132863200,2023-11-04T03:22:59Z,"art pop,pop",0.879,0.365,2,-7.781,1,0.0924,0.227,0.135,0.0583,0.663,94.016,4
4RVwu0g32PAqgUiJoXsdF8,"6qqNVTkY8uBg9cP3Jd7DAH","Happier Than Ever","Happier Than Ever","Billie Eilish",2021-07-30,298899,87,spotify:user:12132863200,2023-11-04T03:22:59Z,"art pop,pop",0.332,0.225,0,-8.697,1,0.0348,0.767,0.00349,0.128,0.297,81.055,3
4ak9GGe6afmi2HbxEjvhIC,"6qqNVTkY8uBg9cP3Jd7DAH","Male Fantasy","Happier Than Ever","Billie Eilish",2021-07-30,194886,72,spotify:user:12132863200,2023-11-04T03:22:59Z,"art pop,pop",0.687,0.288,2,-10.415,1,0.045,0.863,0,0.0986,0.308,110.927,4
3GYlZ7tbxLOxe6ewMNVTkw,"6qqNVTkY8uBg9cP3Jd7DAH","TV","Guitar Songs","Billie Eilish",2022-07-21,281380,87,spotify:user:12132863200,2023-11-04T03:23:00Z,"art pop,pop",0.412,0.236,4,-15.159,0,0.0379,0.83,0.00653,0.147,0.119,140.214,4
5SHpuW2qjkQtFRpE6P9Nks,"6qqNVTkY8uBg9cP3Jd7DAH","The 30th","Guitar Songs","Billie Eilish",2022-07-21,216448,76,spotify:user:12132863200,2023-11-04T03:23:00Z,"art pop,pop",0.387,0.135,7,-14.398,1,0.051,0.929,0,0.0948,0.21,82.987,4
0WFryfbNKPXVtVQlz5dZ8H,"6qqNVTkY8uBg9cP3Jd7DAH","hotline (edit)","hotline (edit)","Billie Eilish",2023-05-09,60719,85,spotify:user:12132863200,2023-11-04T03:23:01Z,"art pop,pop",0.516,0.254,9,-16.027,0,0.0589,0.816,0.855,0.189,0.304,56.829,4
6wf7Yu7cxBSPrRlWeSeK0Q,"6qqNVTkY8uBg9cP3Jd7DAH","What Was I Made For? [From The Motion Picture Barbie]","What Was I Made For? [From The Motion Picture Barbie]","Billie Eilish",2023-07-13,222369,96,spotify:user:12132863200,2023-11-04T03:23:02Z,"art pop,pop",0.444,0.0911,0,-17.665,1,0.0307,0.959,0.00000105,0.098,0.142,78.403,4
