﻿Spotify ID,Artist IDs,Track Name,Album Name,Artist Name(s),Release Date,Duration (ms),Popularity,Added By,Added At,Genres,Danceability,Energy,Key,Loudness,Mode,Speechiness,Acousticness,Instrumentalness,Liveness,Valence,Tempo,Time Signature
2qyhy9ndo8tTGMzXeHTisR,"5cj0lLjcoR7YOSnhnX0Po5","So High","So High","Doja Cat",2014-03-11,201573,77,spotify:user:12132863200,2023-11-04T03:19:32Z,"dance pop,pop",0.647,0.567,10,-5.777,0,0.0374,0.133,0.00000936,0.0638,0.659,131.933,4
74rKCLp6l4A7eI1KAFANDT,"5cj0lLjcoR7YOSnhnX0Po5","Beautiful","Purrr!","Doja Cat",2014-08-05,226720,32,spotify:user:12132863200,2023-11-04T03:19:33Z,"dance pop,pop",0.579,0.691,5,-4.787,0,0.213,0.00739,0.000769,0.442,0.745,143.402,4
0ceoQIazrGBdQx5A5UlOTs,"5cj0lLjcoR7YOSnhnX0Po5","Nunchucks","Purrr!","Doja Cat",2014-08-05,195426,32,spotify:user:12132863200,2023-11-04T03:19:33Z,"dance pop,pop",0.475,0.574,4,-8.558,0,0.193,0.571,0.0751,0.104,0.549,117.976,4
6Rira72Fq1qCD4inP1UfhZ,"5cj0lLjcoR7YOSnhnX0Po5","So High","Purrr!","Doja Cat",2014-08-05,199746,42,spotify:user:12132863200,2023-11-04T03:19:33Z,"dance pop,pop",0.643,0.574,10,-5.45,0,0.0368,0.123,0.00000463,0.0499,0.686,132.718,4
0llA5wge28PMNvAWSnrs9u,"5cj0lLjcoR7YOSnhnX0Po5","No Police","Purrr!","Doja Cat",2014-08-05,240426,36,spotify:user:12132863200,2023-11-04T03:19:33Z,"dance pop,pop",0.58,0.347,9,-10.023,1,0.0634,0.775,0.00594,0.177,0.307,119.622,4
54t9vQRwKdSCCh7FShyf9b,"5cj0lLjcoR7YOSnhnX0Po5","Control","Purrr!","Doja Cat",2014-08-05,220266,32,spotify:user:12132863200,2023-11-04T03:19:33Z,"dance pop,pop",0.512,0.589,2,-7.853,0,0.0372,0.154,0.00396,0.228,0.0573,127.942,4
58pnv11Ku9Gak5OeeREw9C,"5cj0lLjcoR7YOSnhnX0Po5","Beautiful","Purrr!","Doja Cat",2014-08-05,226720,45,spotify:user:12132863200,2023-11-04T03:19:35Z,"dance pop,pop",0.579,0.691,5,-4.787,0,0.213,0.00739,0.000769,0.444,0.745,143.402,4
7mKLeYLFcRT9ZZXioSohIT,"5cj0lLjcoR7YOSnhnX0Po5","Nunchucks","Purrr!","Doja Cat",2014-08-05,195426,45,spotify:user:12132863200,2023-11-04T03:19:35Z,"dance pop,pop",0.692,0.609,4,-8.569,0,0.0839,0.595,0.151,0.109,0.552,118.05,4
1yvSMyZn27M4wEslpSvB0D,"5cj0lLjcoR7YOSnhnX0Po5","So High","Purrr!","Doja Cat",2014-08-05,199746,73,spotify:user:12132863200,2023-11-04T03:19:35Z,"dance pop,pop",0.621,0.585,10,-5.632,0,0.0457,0.12,0.00000191,0.05,0.668,132.004,4
2XheCI3rWOUChSH5ntgVw9,"5cj0lLjcoR7YOSnhnX0Po5","No Police","Purrr!","Doja Cat",2014-08-05,240426,57,spotify:user:12132863200,2023-11-04T03:19:35Z,"dance pop,pop",0.59,0.331,9,-9.986,1,0.0609,0.769,0.00544,0.185,0.292,120.062,4
43uFv6f0uBYBhfr6XncqAe,"5cj0lLjcoR7YOSnhnX0Po5","Control","Purrr!","Doja Cat",2014-08-05,220266,45,spotify:user:12132863200,2023-11-04T03:19:35Z,"dance pop,pop",0.497,0.619,2,-7.836,0,0.0388,0.189,0.0285,0.218,0.0393,128.083,4
1dgF53w3I5POOQrUisalOs,"51FdY610ARIDu41nd5MxZd,5cj0lLjcoR7YOSnhnX0Po5","Right Side (Feat. Doja Cat)","Right Side (Feat. Doja Cat)","L8LOOMER,Doja Cat",2017-06-13,212727,41,spotify:user:12132863200,2023-11-04T03:19:43Z,"dance pop,pop",0.547,0.631,5,-5.646,1,0.533,0.19,0,0.0945,0.362,165.281,3
70C06cr5n4kFRfOltnNppP,"5cj0lLjcoR7YOSnhnX0Po5","Roll With Us","Roll With Us","Doja Cat",2018-02-01,180880,35,spotify:user:12132863200,2023-11-04T03:19:45Z,"dance pop,pop",0.667,0.639,2,-5.563,1,0.0294,0.0037,0.00000271,0.179,0.141,121.978,4
35yqkDUIs6l4GXNRwRjB7Q,"5cj0lLjcoR7YOSnhnX0Po5","Go To Town","Go To Town","Doja Cat",2018-03-09,217806,44,spotify:user:12132863200,2023-11-04T03:19:46Z,"dance pop,pop",0.71,0.71,0,-2.474,1,0.0581,0.0706,0.00000114,0.206,0.698,169.938,4
5GnhlCa3G85uNJHNlcjiGb,"5cj0lLjcoR7YOSnhnX0Po5","Candy","Candy","Doja Cat",2018-03-23,190926,48,spotify:user:12132863200,2023-11-04T03:19:47Z,"dance pop,pop",0.688,0.519,8,-5.888,1,0.0395,0.537,0,0.14,0.238,124.903,4
6iOvnACn4ChlAw4lWUU4dd,"5cj0lLjcoR7YOSnhnX0Po5","Go To Town","Amala","Doja Cat",2018-03-30,217813,66,spotify:user:12132863200,2023-11-04T03:19:49Z,"dance pop,pop",0.71,0.71,0,-2.474,1,0.0579,0.0716,0.00000107,0.206,0.7,169.944,4
4QdjPwwCCq3ifWVHiRj3jx,"5cj0lLjcoR7YOSnhnX0Po5","Cookie Jar","Amala","Doja Cat",2018-03-30,199440,49,spotify:user:12132863200,2023-11-04T03:19:49Z,"dance pop,pop",0.722,0.864,0,-3.317,1,0.107,0.00324,0,0.164,0.466,148.025,4
1V4uZia23KCnh7BfTTsVMu,"5cj0lLjcoR7YOSnhnX0Po5","Roll With Us","Amala","Doja Cat",2018-03-30,180906,50,spotify:user:12132863200,2023-11-04T03:19:49Z,"dance pop,pop",0.664,0.637,2,-5.593,1,0.0283,0.00434,0.000005,0.199,0.125,121.975,4
2s4AcE9n80mSHl87lp4gIm,"5cj0lLjcoR7YOSnhnX0Po5,3nwYsifpwrKmCIpw4i0HDW","Wine Pon You (feat. Konshens)","Amala","Doja Cat,Konshens",2018-03-30,219000,78,spotify:user:12132863200,2023-11-04T03:19:49Z,"dance pop,pop,dancehall,traphall",0.797,0.444,9,-7.738,0,0.0411,0.304,0.00126,0.107,0.138,95.035,4
2qa3vv0vGeVUZnwlwoKpDY,"5cj0lLjcoR7YOSnhnX0Po5","Fancy","Amala","Doja Cat",2018-03-30,179186,46,spotify:user:12132863200,2023-11-04T03:19:49Z,"dance pop,pop",0.739,0.737,2,-5.78,1,0.0375,0.0637,0,0.483,0.148,110.976,4
2nNlfZtsryTNse0Oru6FcO,"5cj0lLjcoR7YOSnhnX0Po5","Wild Beach","Amala","Doja Cat",2018-03-30,204360,45,spotify:user:12132863200,2023-11-04T03:19:49Z,"dance pop,pop",0.715,0.675,4,-6.669,0,0.0859,0.249,0.000725,0.115,0.355,120.042,4
0owMmMqkYKJ4g6UcaH5Pho,"5cj0lLjcoR7YOSnhnX0Po5","Morning Light","Amala","Doja Cat",2018-03-30,239493,44,spotify:user:12132863200,2023-11-04T03:19:49Z,"dance pop,pop",0.593,0.505,0,-8.169,1,0.0257,0.0329,0.00196,0.194,0.139,139.941,4
1VJwtWR6z7SpZRwipI12be,"5cj0lLjcoR7YOSnhnX0Po5","Candy","Amala","Doja Cat",2018-03-30,190920,74,spotify:user:12132863200,2023-11-04T03:19:49Z,"dance pop,pop",0.689,0.516,8,-5.857,1,0.0444,0.513,0,0.163,0.209,124.876,4
7FhZ0fcmBhizimiHxnCAK6,"5cj0lLjcoR7YOSnhnX0Po5","Game","Amala","Doja Cat",2018-03-30,195746,44,spotify:user:12132863200,2023-11-04T03:19:49Z,"dance pop,pop",0.722,0.766,11,-5.566,0,0.055,0.00134,0.00493,0.142,0.635,119.962,4
2tT9weSQUFDWsVgHBYz3G6,"5cj0lLjcoR7YOSnhnX0Po5","Casual","Amala","Doja Cat",2018-03-30,240386,57,spotify:user:12132863200,2023-11-04T03:19:49Z,"dance pop,pop",0.653,0.632,9,-6.866,0,0.0993,0.0827,0.00000296,0.0669,0.323,128.02,4
3LCb6fZ8VZaeXfXfHgEt1j,"5cj0lLjcoR7YOSnhnX0Po5","Down Low","Amala","Doja Cat",2018-03-30,211106,43,spotify:user:12132863200,2023-11-04T03:19:49Z,"dance pop,pop",0.556,0.745,6,-6.409,0,0.169,0.00184,0,0.367,0.442,141.252,4
02z7THtFYTnqMTe4dPFhvR,"5cj0lLjcoR7YOSnhnX0Po5","Body Language","Amala","Doja Cat",2018-03-30,245240,48,spotify:user:12132863200,2023-11-04T03:19:49Z,"dance pop,pop",0.717,0.47,8,-7.081,1,0.0478,0.277,0,0.104,0.682,96.491,4
0iwRj9AOAcND08jDmg75pm,"5cj0lLjcoR7YOSnhnX0Po5","All Nighter","Amala","Doja Cat",2018-03-30,193666,45,spotify:user:12132863200,2023-11-04T03:19:49Z,"dance pop,pop",0.8,0.551,2,-6.249,1,0.162,0.198,0.0102,0.0776,0.223,129.994,4
00bWqt93aqLXqKtzZoq7Jw,"5cj0lLjcoR7YOSnhnX0Po5","MOOO!","MOOO!","Doja Cat",2018-08-31,286516,53,spotify:user:12132863200,2023-11-04T03:19:51Z,"dance pop,pop",0.878,0.407,7,-10.941,1,0.233,0.459,0,0.111,0.546,89.007,4
6mbWdNBDGL4joR1EHRUZg1,"5cj0lLjcoR7YOSnhnX0Po5,2OaHYHb2XcFPvqL3VsyPzU","Tia Tamera (feat. Rico Nasty)","Tia Tamera (feat. Rico Nasty)","Doja Cat,Rico Nasty",2019-02-20,212813,53,spotify:user:12132863200,2023-11-04T03:19:52Z,"dance pop,pop,alternative r&b,trap queen",0.812,0.675,0,-4.594,1,0.0938,0.017,0,0.182,0.408,119.854,4
5aHWVlzTD4n26JG6J34UsC,"5cj0lLjcoR7YOSnhnX0Po5","Go To Town","Amala (Deluxe Version)","Doja Cat",2019-03-01,217813,51,spotify:user:12132863200,2023-11-04T03:19:53Z,"dance pop,pop",0.71,0.71,0,-2.474,1,0.0579,0.0716,0.00000107,0.206,0.7,169.944,4
5hH8AeTxOxJ0vw3O5YXwTb,"5cj0lLjcoR7YOSnhnX0Po5","Cookie Jar","Amala (Deluxe Version)","Doja Cat",2019-03-01,199440,45,spotify:user:12132863200,2023-11-04T03:19:53Z,"dance pop,pop",0.722,0.864,0,-3.317,1,0.107,0.00324,0,0.164,0.466,148.025,4
4c8B9nMlIE8bfUdgKHScKg,"5cj0lLjcoR7YOSnhnX0Po5","Roll With Us","Amala (Deluxe Version)","Doja Cat",2019-03-01,180906,45,spotify:user:12132863200,2023-11-04T03:19:53Z,"dance pop,pop",0.664,0.637,2,-5.593,1,0.0283,0.00434,0.000005,0.199,0.125,121.975,4
1o4aDH0BYwZdSEm7fJzYhD,"5cj0lLjcoR7YOSnhnX0Po5,3nwYsifpwrKmCIpw4i0HDW","Wine Pon You (feat. Konshens)","Amala (Deluxe Version)","Doja Cat,Konshens",2019-03-01,218973,58,spotify:user:12132863200,2023-11-04T03:19:53Z,"dance pop,pop,dancehall,traphall",0.797,0.444,9,-7.738,0,0.0411,0.304,0.00126,0.107,0.138,95.035,4
3hFIXFEPtvruqYsoMW2eKN,"5cj0lLjcoR7YOSnhnX0Po5","Fancy","Amala (Deluxe Version)","Doja Cat",2019-03-01,179200,46,spotify:user:12132863200,2023-11-04T03:19:53Z,"dance pop,pop",0.747,0.734,2,-5.781,1,0.0361,0.0726,0,0.131,0.153,110.978,4
3Y1skP4N1zbrSuH1xfLm9k,"5cj0lLjcoR7YOSnhnX0Po5","Wild Beach","Amala (Deluxe Version)","Doja Cat",2019-03-01,204360,45,spotify:user:12132863200,2023-11-04T03:19:53Z,"dance pop,pop",0.713,0.675,4,-6.519,0,0.0654,0.251,0.000722,0.117,0.379,120.048,4
7N0T6i3ZER3p3SYBzxMeCV,"5cj0lLjcoR7YOSnhnX0Po5","Morning Light","Amala (Deluxe Version)","Doja Cat",2019-03-01,239506,44,spotify:user:12132863200,2023-11-04T03:19:53Z,"dance pop,pop",0.594,0.504,0,-8.182,1,0.0254,0.0339,0.00248,0.196,0.146,139.932,4
4de1X6v99U7tfOXrNUCTbi,"5cj0lLjcoR7YOSnhnX0Po5","Candy","Amala (Deluxe Version)","Doja Cat",2019-03-01,190906,58,spotify:user:12132863200,2023-11-04T03:19:53Z,"dance pop,pop",0.689,0.516,8,-5.857,1,0.0444,0.513,0,0.168,0.209,124.876,4
1MuN3LGtM2tNsqH9qC47tG,"5cj0lLjcoR7YOSnhnX0Po5","Game","Amala (Deluxe Version)","Doja Cat",2019-03-01,195760,44,spotify:user:12132863200,2023-11-04T03:19:53Z,"dance pop,pop",0.75,0.783,11,-5.612,0,0.0524,0.00158,0.00406,0.143,0.595,120.016,4
5idhEHmpq4MNVxQD4DqE8K,"5cj0lLjcoR7YOSnhnX0Po5","Casual","Amala (Deluxe Version)","Doja Cat",2019-03-01,240386,46,spotify:user:12132863200,2023-11-04T03:19:53Z,"dance pop,pop",0.653,0.632,9,-6.866,0,0.0993,0.0827,0.00000296,0.0669,0.323,128.02,4
2VWaX5BNrwyqt12RmwgM4E,"5cj0lLjcoR7YOSnhnX0Po5","Down Low","Amala (Deluxe Version)","Doja Cat",2019-03-01,211093,43,spotify:user:12132863200,2023-11-04T03:19:53Z,"dance pop,pop",0.556,0.745,6,-6.409,0,0.169,0.00184,0,0.367,0.442,141.252,4
6UNV8mflEmh8PJqeTPC1p3,"5cj0lLjcoR7YOSnhnX0Po5","Body Language","Amala (Deluxe Version)","Doja Cat",2019-03-01,245240,48,spotify:user:12132863200,2023-11-04T03:19:53Z,"dance pop,pop",0.717,0.468,8,-7.077,1,0.0525,0.277,0,0.112,0.691,96.47,4
3tUdpqlrhZONJBRVXDxegM,"5cj0lLjcoR7YOSnhnX0Po5","All Nighter","Amala (Deluxe Version)","Doja Cat",2019-03-01,193053,44,spotify:user:12132863200,2023-11-04T03:19:53Z,"dance pop,pop",0.797,0.556,2,-7.08,1,0.168,0.183,0.00752,0.0795,0.197,130.07,4
4cTm3Ev9bUvy4ChJjB1nhl,"5cj0lLjcoR7YOSnhnX0Po5","Juicy","Amala (Deluxe Version)","Doja Cat",2019-03-01,199586,64,spotify:user:12132863200,2023-11-04T03:19:53Z,"dance pop,pop",0.77,0.697,0,-2.644,1,0.0607,0.0817,0,0.0663,0.428,170.084,4
1uNePI826aqh9uC9pgbeHU,"5cj0lLjcoR7YOSnhnX0Po5,2OaHYHb2XcFPvqL3VsyPzU","Tia Tamera (feat. Rico Nasty)","Amala (Deluxe Version)","Doja Cat,Rico Nasty",2019-03-01,211013,74,spotify:user:12132863200,2023-11-04T03:19:53Z,"dance pop,pop,alternative r&b,trap queen",0.822,0.654,0,-4.623,1,0.132,0.019,0,0.233,0.421,119.884,4
043dDJ9u0PQ3ooAXMgcwOe,"5cj0lLjcoR7YOSnhnX0Po5","MOOO!","Amala (Deluxe Version)","Doja Cat",2019-03-01,285053,62,spotify:user:12132863200,2023-11-04T03:19:53Z,"dance pop,pop",0.869,0.532,7,-7.186,1,0.23,0.517,0,0.103,0.509,89.004,4
7qvsl2pYzrsYgPeFBN5jxp,"5cj0lLjcoR7YOSnhnX0Po5,5LHRHt1k9lMyONurDHEdrp","Juicy","Juicy","Doja Cat,Tyga",2019-08-15,202333,55,spotify:user:12132863200,2023-11-04T03:19:54Z,"dance pop,pop,hip hop,pop rap,rap,trap",0.786,0.658,0,-2.61,1,0.0661,0.0856,0,0.0689,0.458,170.037,4
1gbN2eRl4SfFe0zF47bSpq,"5cj0lLjcoR7YOSnhnX0Po5","Bottom Bitch","Bottom Bitch","Doja Cat",2019-10-03,198893,42,spotify:user:12132863200,2023-11-04T03:19:56Z,"dance pop,pop",0.695,0.806,6,-2.902,1,0.0358,0.00261,0.000826,0.0764,0.485,160.028,4
0S56ARhyAIZ5OzFX54H2pH,"5cj0lLjcoR7YOSnhnX0Po5","Rules","Rules","Doja Cat",2019-10-24,188173,52,spotify:user:12132863200,2023-11-04T03:19:58Z,"dance pop,pop",0.604,0.712,7,-5.53,1,0.198,0.141,0,0.141,0.685,71.976,4
1ghvzmzpx2nnrbx7wtpMgo,"5cj0lLjcoR7YOSnhnX0Po5","Cyber Sex","Hot Pink","Doja Cat",2019-11-07,165733,70,spotify:user:12132863200,2023-11-04T03:19:58Z,"dance pop,pop",0.917,0.657,8,-5.716,1,0.0921,0.318,0.00000362,0.0754,0.818,131.03,4
7k51pIqTGEHHZOnpI11Qq2,"5cj0lLjcoR7YOSnhnX0Po5,1ybINI1qPiFbwDXamRtwxD","Won't Bite","Hot Pink","Doja Cat,Smino",2019-11-07,195213,66,spotify:user:12132863200,2023-11-04T03:19:58Z,"dance pop,pop,alternative r&b",0.807,0.783,5,-3.115,1,0.0964,0.351,0,0.14,0.592,127.996,4
1TMWcbxL5YF8rKsFHv5hAP,"5cj0lLjcoR7YOSnhnX0Po5","Rules","Hot Pink","Doja Cat",2019-11-07,187040,77,spotify:user:12132863200,2023-11-04T03:19:58Z,"dance pop,pop",0.651,0.724,7,-5.457,1,0.166,0.172,0,0.13,0.686,144.146,4
1L0z2CQKrKJ2spYSMkfim9,"5cj0lLjcoR7YOSnhnX0Po5","Bottom Bitch","Hot Pink","Doja Cat",2019-11-07,197933,62,spotify:user:12132863200,2023-11-04T03:19:58Z,"dance pop,pop",0.695,0.825,6,-2.891,1,0.0359,0.00265,0.000928,0.0723,0.484,160.028,4
3Dv1eDb0MEgF93GpLXlucZ,"5cj0lLjcoR7YOSnhnX0Po5","Say So","Hot Pink","Doja Cat",2019-11-07,237893,80,spotify:user:12132863200,2023-11-04T03:19:58Z,"dance pop,pop",0.787,0.673,11,-4.583,0,0.159,0.264,0.00000335,0.0904,0.779,110.962,4
4EivmOT13NMpNSfTKn9p4s,"5cj0lLjcoR7YOSnhnX0Po5,13y7CgLHjMVRMDqxdx0Xdo","Like That","Hot Pink","Doja Cat,Gucci Mane",2019-11-07,163173,76,spotify:user:12132863200,2023-11-04T03:19:58Z,"dance pop,pop,atl hip hop,dirty south rap,hip hop,pop rap,rap,southern hip hop,trap",0.879,0.498,4,-6.027,0,0.18,0.239,0,0.0967,0.405,106.044,4
1j6NZFHrpc09YmEZuSlmwf,"5cj0lLjcoR7YOSnhnX0Po5","Talk Dirty","Hot Pink","Doja Cat",2019-11-07,241480,58,spotify:user:12132863200,2023-11-04T03:19:58Z,"dance pop,pop",0.603,0.741,1,-5.58,1,0.12,0.276,0.000227,0.104,0.403,168.006,4
2OAcH9SD8ehxuG0tWNe0cU,"5cj0lLjcoR7YOSnhnX0Po5","Addiction","Hot Pink","Doja Cat",2019-11-07,208480,64,spotify:user:12132863200,2023-11-04T03:19:58Z,"dance pop,pop",0.775,0.708,7,-6.073,1,0.166,0.00993,0.000537,0.128,0.548,90.005,4
60ynsPSSKe6O3sfwRnIBRf,"5cj0lLjcoR7YOSnhnX0Po5","Streets","Hot Pink","Doja Cat",2019-11-07,226986,84,spotify:user:12132863200,2023-11-04T03:19:58Z,"dance pop,pop",0.749,0.463,11,-8.433,1,0.0842,0.21,0.0382,0.338,0.189,90.035,4
5xIDCYGTyLaDkiaaulVPcJ,"5cj0lLjcoR7YOSnhnX0Po5","Shine","Hot Pink","Doja Cat",2019-11-07,160133,59,spotify:user:12132863200,2023-11-04T03:19:58Z,"dance pop,pop",0.559,0.63,11,-6.075,0,0.246,0.421,0,0.102,0.289,107.627,5
1ZiJGdjNtvgngdT3wRKVqS,"5cj0lLjcoR7YOSnhnX0Po5","Better Than Me","Hot Pink","Doja Cat",2019-11-07,202373,60,spotify:user:12132863200,2023-11-04T03:19:58Z,"dance pop,pop",0.674,0.759,1,-5.379,1,0.0376,0.294,0.0000331,0.116,0.509,129.926,4
7f5trao56t7sB7f14QDTmp,"5cj0lLjcoR7YOSnhnX0Po5,5LHRHt1k9lMyONurDHEdrp","Juicy","Hot Pink","Doja Cat,Tyga",2019-11-07,203093,72,spotify:user:12132863200,2023-11-04T03:19:58Z,"dance pop,pop,hip hop,pop rap,rap,trap",0.785,0.652,0,-2.607,1,0.0668,0.102,0,0.0697,0.484,170.024,4
7qrO2oI0A9DW6wQPjSADxx,"5cj0lLjcoR7YOSnhnX0Po5,4Q6nIcaBED8qUel8bBx6Cr","Say So (Jax Jones Midnight Snack Remix)","Say So (Jax Jones Midnight Snack Remix)","Doja Cat,Jax Jones",2020-01-17,210491,53,spotify:user:12132863200,2023-11-04T03:20:00Z,"dance pop,pop,edm,house,pop dance,uk dance,uk pop",0.798,0.51,11,-10.074,0,0.064,0.448,0.00312,0.094,0.401,121.923,4
7pHm16xDll7NTdH0tGs8iG,"5cj0lLjcoR7YOSnhnX0Po5,4FJPplt1JOVw8Q7NiwFmLv","Say So - Friend Within Remix","Say So (Friend Within Remix)","Doja Cat,Friend Within",2020-01-18,172800,35,spotify:user:12132863200,2023-11-04T03:20:01Z,"dance pop,pop,house,uk dance",0.676,0.972,11,-5.153,0,0.054,0.00654,0.767,0.133,0.711,125.054,4
78qd8dvwea0Gosb6Fe6j3k,"5cj0lLjcoR7YOSnhnX0Po5","Boss Bitch","Boss Bitch","Doja Cat",2020-01-23,134239,80,spotify:user:12132863200,2023-11-04T03:20:04Z,"dance pop,pop",0.707,0.955,10,-4.593,0,0.222,0.127,0,0.202,0.575,125.989,4
0YiILuIBfDyYTUmd9uLwcd,"5cj0lLjcoR7YOSnhnX0Po5,2FwJwEswyIUAljqgjNSHgP","Say So - Snakehips Remix","Say So (Snakehips Remix)","Doja Cat,Snakehips",2020-04-03,200595,44,spotify:user:12132863200,2023-11-04T03:20:05Z,"dance pop,pop,electropop,uk dance",0.717,0.866,7,-6.269,1,0.0824,0.00291,0.0000926,0.0462,0.748,117.979,4
11VApNQCWLJdzxWrlmwzUa,"5cj0lLjcoR7YOSnhnX0Po5,0hCNtLu0JehylgoiP8L4Gh","Say So (feat. Nicki Minaj)","Say So (feat. Nicki Minaj)","Doja Cat,Nicki Minaj",2020-05-01,206220,62,spotify:user:12132863200,2023-11-04T03:20:06Z,"dance pop,pop,hip pop,queens hip hop,rap",0.856,0.641,11,-4.64,0,0.204,0.119,0.00000497,0.427,0.745,111.004,4
1KNh3GCalI00xnSGQZNmiZ,"5cj0lLjcoR7YOSnhnX0Po5,0hCNtLu0JehylgoiP8L4Gh","Say So (feat. Nicki Minaj) - Original Version","Say So (feat. Nicki Minaj) [Original Version]","Doja Cat,Nicki Minaj",2020-05-08,206760,46,spotify:user:12132863200,2023-11-04T03:20:08Z,"dance pop,pop,hip pop,queens hip hop,rap",0.822,0.696,11,-4.412,0,0.144,0.228,0.00000921,0.365,0.84,110.997,4
0UnTaVkntyh3vqvLEvbpQx,"1Xyo4u8uXC1ZmMpatF05PJ,5cj0lLjcoR7YOSnhnX0Po5","In Your Eyes (with Doja Cat) - Remix","In Your Eyes (Remix)","The Weeknd,Doja Cat",2020-05-21,237911,65,spotify:user:12132863200,2023-11-04T03:20:09Z,"canadian contemporary r&b,canadian pop,pop,dance pop",0.679,0.731,7,-5.522,0,0.0319,0.00518,0.000127,0.0614,0.727,99.984,4
4YAg8h8WliHZlW5wuv8Jpk,"1zNqDE7qDGCsyzJwohVaoX,5cj0lLjcoR7YOSnhnX0Po5","To Be Young (feat. Doja Cat)","To Be Young (feat. Doja Cat)","Anne-Marie,Doja Cat",2020-07-13,194758,54,spotify:user:12132863200,2023-11-04T03:20:11Z,"pop,dance pop",0.525,0.649,8,-4.802,1,0.0655,0.241,0,0.129,0.286,155.995,4
55438ajkXveF4Svp5zza0o,"1zNqDE7qDGCsyzJwohVaoX,5cj0lLjcoR7YOSnhnX0Po5,6roDXEmZ6AARdOUv6x5U2v","To Be Young (feat. Doja Cat) - Felix Cartal Remix","To Be Young (feat. Doja Cat) [Felix Cartal Remix]","Anne-Marie,Doja Cat,Felix Cartal",2020-07-31,233900,30,spotify:user:12132863200,2023-11-04T03:20:12Z,"pop,dance pop,canadian electronic,electro house,pop dance,pop edm",0.657,0.811,0,-2.533,0,0.0431,0.376,0,0.126,0.604,80.016,4
3aA6xB0tOilDDX17fIJ0Bl,"5cj0lLjcoR7YOSnhnX0Po5","Freak","Freak","Doja Cat",2020-08-07,284480,72,spotify:user:12132863200,2023-11-04T03:20:14Z,"dance pop,pop",0.688,0.716,7,-5.702,1,0.0385,0.0969,0,0.0989,0.373,116.912,3
14LTSpk6BUkwIvvBEcpjVe,"1zNqDE7qDGCsyzJwohVaoX,5cj0lLjcoR7YOSnhnX0Po5","To Be Young (feat. Doja Cat)","To Be Young (feat. Doja Cat)","Anne-Marie,Doja Cat",2020-08-07,204503,40,spotify:user:12132863200,2023-11-04T03:20:15Z,"pop,dance pop",0.576,0.608,8,-5.156,1,0.0515,0.343,0.00000428,0.107,0.261,78.133,4
3iSu8rkvERzl5iY5GEGE1h,"1zNqDE7qDGCsyzJwohVaoX,5cj0lLjcoR7YOSnhnX0Po5","To Be Young (feat. Doja Cat) - Acoustic","To Be Young (feat. Doja Cat) [Acoustic]","Anne-Marie,Doja Cat",2020-08-07,193819,38,spotify:user:12132863200,2023-11-04T03:20:16Z,"pop,dance pop",0.52,0.352,8,-6.397,1,0.0339,0.441,0,0.102,0.341,77.779,4
3jizSmcJ2jXRAtW7oHUwKL,"1zNqDE7qDGCsyzJwohVaoX,5cj0lLjcoR7YOSnhnX0Po5,4Euia7UzdRshy1DJOSMTcs","To Be Young (feat. Doja Cat) - 220 KID Remix","To Be Young (feat. Doja Cat) [220 KID Remix]","Anne-Marie,Doja Cat,220 KID",2020-08-14,233538,28,spotify:user:12132863200,2023-11-04T03:20:19Z,"pop,dance pop,pop dance,uk dance",0.701,0.806,2,-4.165,1,0.0566,0.224,0,0.0617,0.822,130.018,4
2WKJcMeqmjkL4FzFoJszR7,"0AsThoR4KZSVktALiNcQwW,5cj0lLjcoR7YOSnhnX0Po5,37hAfseJWi0G3Scife12Il,3MdXrJWsbVzdn6fe5JYkSQ","Do It (feat. Doja Cat, City Girls & Mulatto) [Remix]","Do It (feat. Doja Cat, City Girls & Mulatto) [Remix]","Chloe x Halle,Doja Cat,City Girls,Latto",2020-09-04,255180,56,spotify:user:12132863200,2023-11-04T03:20:20Z,"r&b,dance pop,pop,scam rap,trap queen",0.628,0.649,5,-10.171,0,0.202,0.00595,0,0.25,0.476,82.907,4
4jBktGfTrKpGkPHV3PLaA0,"5cj0lLjcoR7YOSnhnX0Po5","Say So / Like That (Mashup)","Say So / Like That (Mashup)","Doja Cat",2020-09-11,212566,58,spotify:user:12132863200,2023-11-04T03:20:22Z,"dance pop,pop",0.61,0.761,11,-4.086,0,0.156,0.107,0,0.128,0.575,109.715,4
2fTdRdN73RgIgcUZN33dvt,"64M6ah0SkkRsnPGtGiRAbb,5cj0lLjcoR7YOSnhnX0Po5","Baby, I'm Jealous (feat. Doja Cat)","Baby, I'm Jealous (feat. Doja Cat)","Bebe Rexha,Doja Cat",2020-10-09,175873,63,spotify:user:12132863200,2023-11-04T03:20:23Z,"dance pop,pop",0.737,0.867,11,-2.259,0,0.0458,0.0398,0,0.32,0.506,98.05,4
1ukcBrTJUEGmSmANE4Pf4A,"64M6ah0SkkRsnPGtGiRAbb,5cj0lLjcoR7YOSnhnX0Po5,1GDbiv3spRmZ1XdM1jQbT7","Baby, I'm Jealous (feat. Doja Cat) - Natti Natasha Remix","Baby, I'm Jealous (feat. Doja Cat) [Natti Natasha Remix]","Bebe Rexha,Doja Cat,NATTI NATASHA",2020-11-27,153553,41,spotify:user:12132863200,2023-11-04T03:20:24Z,"dance pop,pop,latin pop,rap latina,reggaeton,urbano latino",0.756,0.872,11,-2.299,0,0.0689,0.0774,0,0.26,0.623,97.983,4
0YVNm3c5VIuBABWTtVjxJB,"64M6ah0SkkRsnPGtGiRAbb,5cj0lLjcoR7YOSnhnX0Po5","Baby, I'm Jealous (feat. Doja Cat)","Baby, I'm Jealous (feat. Doja Cat) [Natti Natasha Remix]","Bebe Rexha,Doja Cat",2020-11-27,175873,33,spotify:user:12132863200,2023-11-04T03:20:24Z,"dance pop,pop",0.737,0.867,11,-2.259,0,0.0458,0.0398,0,0.32,0.506,98.05,4
2etHQJxIbV0soyPhelVs9Y,"6cK3NBO6uP7hh0oyuVELFl,5cj0lLjcoR7YOSnhnX0Po5","Best Friend (feat. Doja Cat)","Best Friend (feat. Doja Cat)","Saweetie,Doja Cat",2021-01-07,155883,73,spotify:user:12132863200,2023-11-04T03:20:26Z,"cali rap,trap queen,dance pop,pop",0.84,0.766,4,-4.12,1,0.136,0.00302,0.00000361,0.0684,0.402,94.018,4
4k6Emp6KJ4GNRyf6wUKODl,"5cj0lLjcoR7YOSnhnX0Po5,6nS5roXSAGhTGr34W6n7Et","Streets - Disclosure Remix","Streets (Disclosure Remix)","Doja Cat,Disclosure",2021-03-12,254280,56,spotify:user:12132863200,2023-11-04T03:20:28Z,"dance pop,pop,edm,house,indietronica,uk dance",0.697,0.701,2,-7.426,1,0.142,0.393,0.0208,0.28,0.41,117.986,4
0Uru1UoJdHKf2lxssQT3kC,"5cj0lLjcoR7YOSnhnX0Po5","Streets - Silhouette Remix","Streets (Silhouette Remix)","Doja Cat",2021-03-12,242692,69,spotify:user:12132863200,2023-11-04T03:20:29Z,"dance pop,pop",0.742,0.449,11,-8.565,1,0.105,0.171,0.0466,0.125,0.144,90.072,4
6uaViw6RWTRfexGF3WNkgP,"5cj0lLjcoR7YOSnhnX0Po5,6nS5roXSAGhTGr34W6n7Et","Streets - Disclosure Remix","Streets (Remixes)","Doja Cat,Disclosure",2021-03-19,254280,37,spotify:user:12132863200,2023-11-04T03:20:31Z,"dance pop,pop,edm,house,indietronica,uk dance",0.697,0.701,2,-7.426,1,0.142,0.393,0.0208,0.28,0.41,117.986,4
2OlXEjn4FufYIVL9KC1FHO,"5cj0lLjcoR7YOSnhnX0Po5,0t9dGS12PMZmiJiZa9vpyk","Streets - DJ Sliink Remix","Streets (Remixes)","Doja Cat,DJ Sliink",2021-03-19,133846,47,spotify:user:12132863200,2023-11-04T03:20:31Z,"dance pop,pop,bmore,electronic trap,jersey club,vogue",0.731,0.742,0,-9.151,1,0.0986,0.363,0.205,0.17,0.224,130.067,4
1PqHwEmZtP7GzTpHrs18JX,"5cj0lLjcoR7YOSnhnX0Po5,3wLNXAUAzfKxa6tE6xxoPc","Streets - Lazerbeak Remix","Streets (Remixes)","Doja Cat,Lazerbeak",2021-03-19,206000,36,spotify:user:12132863200,2023-11-04T03:20:31Z,"dance pop,pop,abstract hip hop,minnesota hip hop",0.761,0.811,2,-6.781,1,0.0863,0.56,0.000105,0.332,0.807,90.034,4
7lyJr2p7ib6hUwYCqOJmFH,"5cj0lLjcoR7YOSnhnX0Po5,7yPPzu5UdAK7yagQqjEZQm","Streets - Party Favor Remix","Streets (Remixes)","Doja Cat,Party Favor",2021-03-19,200375,43,spotify:user:12132863200,2023-11-04T03:20:31Z,"dance pop,pop,brostep,edm,electro house,electronic trap",0.741,0.789,4,-5.321,0,0.0836,0.17,0.00269,0.295,0.343,96.043,4
3geWQR47Bj2serH1Qa4EHy,"5cj0lLjcoR7YOSnhnX0Po5,4HJnsUVBubdKJ2aV0sr48u","Streets - Ape Drums Remix","Streets (Remixes)","Doja Cat,Ape Drums",2021-03-19,175348,41,spotify:user:12132863200,2023-11-04T03:20:31Z,"dance pop,pop",0.827,0.608,2,-7.494,1,0.044,0.0317,0.000247,0.0773,0.127,122.007,4
748mdHapucXQri7IAO8yFK,"5cj0lLjcoR7YOSnhnX0Po5,7tYKF4w9nC0nq9CsPZTHyP","Kiss Me More (feat. SZA)","Kiss Me More (feat. SZA)","Doja Cat,SZA",2021-04-09,208866,79,spotify:user:12132863200,2023-11-04T03:20:32Z,"dance pop,pop,r&b,rap",0.762,0.701,8,-3.541,1,0.0286,0.235,0.000158,0.123,0.742,110.968,4
6XgBxK1v4li6dOI5to10Sz,"5cj0lLjcoR7YOSnhnX0Po5,7BU6zZWEzG69sUAKbuVgHy","Kiss Me More (feat. Naomi Watanabe)","Kiss Me More (feat. Naomi Watanabe)","Doja Cat,渡辺直美",2021-05-01,209942,45,spotify:user:12132863200,2023-11-04T03:20:34Z,"dance pop,pop,geinin song",0.776,0.692,8,-4.409,1,0.0279,0.391,0.000917,0.113,0.749,110.964,4
75SmDAC4Uo2KG0iauNVemy,"2WgfkM8S11vg4kxLgDY3F5,5cj0lLjcoR7YOSnhnX0Po5,6gWGD0yeQYobb2sq0LUr7k","Dick (feat. Doja Cat) - L.Dre Remix","Dick (Remixes) (feat. Doja Cat)","StarBoi3,Doja Cat,L.Dre",2021-05-28,171130,37,spotify:user:12132863200,2023-11-04T03:20:35Z,"viral rap,dance pop,pop",0.779,0.954,5,-3.783,1,0.202,0.0284,0.000132,0.371,0.751,115.059,4
6vasLpXuwCEp0YJHGT2Ox7,"2WgfkM8S11vg4kxLgDY3F5,5cj0lLjcoR7YOSnhnX0Po5,7s0NPSWJQJOS4TNhENy85G","Dick (feat. Doja Cat) - DJ Jayhood [Jersey Club Mix]","Dick (Remixes) (feat. Doja Cat)","StarBoi3,Doja Cat,DJ Jayhood",2021-05-28,180413,31,spotify:user:12132863200,2023-11-04T03:20:35Z,"viral rap,dance pop,pop,jersey club",0.858,0.944,9,-6.089,1,0.153,0.00164,0.0233,0.632,0.311,145.017,4
5owHGdK3Nt4BcCI5WiqySJ,"2WgfkM8S11vg4kxLgDY3F5,5cj0lLjcoR7YOSnhnX0Po5,49hK2KdkC23KHY83DwIfS2","Dick (feat. Doja Cat) - Until Dawn [Dusk Till Dawn]","Dick (Remixes) (feat. Doja Cat)","StarBoi3,Doja Cat,Until Dawn",2021-05-28,200000,30,spotify:user:12132863200,2023-11-04T03:20:35Z,"viral rap,dance pop,pop",0.872,0.94,6,-6.188,0,0.108,0.00958,0.0379,0.0877,0.927,126.042,4
7avreNC8Af4ifQDk8CGJOz,"2WgfkM8S11vg4kxLgDY3F5,5cj0lLjcoR7YOSnhnX0Po5,3NR7hAacOhmcztWvD7vJfS","Dick (feat. Doja Cat) - Sickick Remix","Dick (feat. Doja Cat) [Sickick Remix]","StarBoi3,Doja Cat,Sickick",2021-06-11,164000,48,spotify:user:12132863200,2023-11-04T03:20:39Z,"viral rap,dance pop,pop,bass trap",0.874,0.789,1,-6.302,1,0.0903,0.0948,0.000151,0.0768,0.836,127.059,4
10hcDov7xmcRviA8jLwEaI,"5cj0lLjcoR7YOSnhnX0Po5","Need to Know","Need to Know","Doja Cat",2021-06-11,210560,62,spotify:user:12132863200,2023-11-04T03:20:40Z,"dance pop,pop",0.664,0.609,1,-6.509,1,0.0707,0.304,0,0.0926,0.194,130.041,4
0IakguBBeTUsAILmugkEam,"5cj0lLjcoR7YOSnhnX0Po5,1Xyo4u8uXC1ZmMpatF05PJ","You Right","You Right","Doja Cat,The Weeknd",2021-06-24,186173,69,spotify:user:12132863200,2023-11-04T03:20:41Z,"dance pop,pop,canadian contemporary r&b,canadian pop",0.828,0.621,8,-6.414,1,0.0565,0.0164,0.00233,0.0845,0.436,128.986,4
6Uj1ctrBOjOas8xZXGqKk4,"5cj0lLjcoR7YOSnhnX0Po5","Woman","Planet Her","Doja Cat",2021-06-25,172626,87,spotify:user:12132863200,2023-11-04T03:20:43Z,"dance pop,pop",0.824,0.764,5,-4.175,0,0.0854,0.0888,0.00294,0.117,0.881,107.998,4
0CsR9Y9SnC6ZWmekmVqSHz,"5cj0lLjcoR7YOSnhnX0Po5","Naked","Planet Her","Doja Cat",2021-06-25,223560,65,spotify:user:12132863200,2023-11-04T03:20:43Z,"dance pop,pop",0.733,0.862,7,-5.736,1,0.197,0.374,0.00247,0.131,0.536,111.076,4
2HolBGR6tpiWI80MXoV1dJ,"5cj0lLjcoR7YOSnhnX0Po5,50co4Is1HCEo8bhOyUWKpn","Payday (feat. Young Thug)","Planet Her","Doja Cat,Young Thug",2021-06-25,212946,60,spotify:user:12132863200,2023-11-04T03:20:43Z,"dance pop,pop,atl hip hop,atl trap,gangster rap,melodic rap,rap,trap",0.619,0.707,1,-5.791,1,0.0499,0.0366,0.0000754,0.13,0.558,168.995,4
0W6I02J9xcqK8MtSeosEXb,"5cj0lLjcoR7YOSnhnX0Po5","Get Into It (Yuh)","Planet Her","Doja Cat",2021-06-25,138293,78,spotify:user:12132863200,2023-11-04T03:20:43Z,"dance pop,pop",0.912,0.655,8,-6.029,0,0.162,0.315,0.0000339,0.0894,0.793,91.942,4
3Vi5XqYrmQgOYBajMWSvCi,"5cj0lLjcoR7YOSnhnX0Po5","Need to Know","Planet Her","Doja Cat",2021-06-25,210560,82,spotify:user:12132863200,2023-11-04T03:20:43Z,"dance pop,pop",0.664,0.609,1,-6.509,1,0.0707,0.304,0,0.0926,0.194,130.041,4
0FFsgUoFibYISzMxuGS61W,"5cj0lLjcoR7YOSnhnX0Po5,66CXWjxzNUsdJxJ2JdwvnR","I Don't Do Drugs (feat. Ariana Grande)","Planet Her","Doja Cat,Ariana Grande",2021-06-25,188893,70,spotify:user:12132863200,2023-11-04T03:20:43Z,"dance pop,pop",0.683,0.615,5,-5.737,1,0.0966,0.222,0.00000825,0.154,0.45,77.014,4
6Q9IUoBTNLHgBib1FSFGbj,"5cj0lLjcoR7YOSnhnX0Po5","Love To Dream","Planet Her","Doja Cat",2021-06-25,216853,62,spotify:user:12132863200,2023-11-04T03:20:43Z,"dance pop,pop",0.734,0.45,6,-7.075,1,0.0824,0.597,0.00000733,0.0964,0.529,135.067,4
0k4d5YPDr1r7FX77VdqWez,"5cj0lLjcoR7YOSnhnX0Po5,1Xyo4u8uXC1ZmMpatF05PJ","You Right","Planet Her","Doja Cat,The Weeknd",2021-06-25,186173,83,spotify:user:12132863200,2023-11-04T03:20:43Z,"dance pop,pop,canadian contemporary r&b,canadian pop",0.828,0.621,8,-6.414,1,0.0565,0.0164,0.00233,0.0845,0.436,128.986,4
7y3xU9vEC1s8DSuuoSYKih,"5cj0lLjcoR7YOSnhnX0Po5","Been Like This","Planet Her","Doja Cat",2021-06-25,177373,69,spotify:user:12132863200,2023-11-04T03:20:43Z,"dance pop,pop",0.678,0.531,10,-5.029,1,0.0374,0.126,0.0000344,0.377,0.176,99.008,4
1ayV64ur8VWgc6OPtPRl1q,"5cj0lLjcoR7YOSnhnX0Po5,6U3ybJ9UHNKEdsH7ktGBZ7","Options (feat. JID)","Planet Her","Doja Cat,JID",2021-06-25,159160,65,spotify:user:12132863200,2023-11-04T03:20:43Z,"dance pop,pop,hip hop,pop rap,rap,underground hip hop",0.842,0.522,7,-7.844,1,0.0985,0.293,0.0000691,0.107,0.285,132.986,4
5lAnYvAIkSDNXqfo7DyFUm,"5cj0lLjcoR7YOSnhnX0Po5","Ain't Shit","Planet Her","Doja Cat",2021-06-25,174253,79,spotify:user:12132863200,2023-11-04T03:20:43Z,"dance pop,pop",0.855,0.488,3,-4.601,1,0.208,0.506,0,0.347,0.619,124.097,4
5CC5krEgwJXuoA0F9scOFg,"5cj0lLjcoR7YOSnhnX0Po5","Imagine","Planet Her","Doja Cat",2021-06-25,148253,58,spotify:user:12132863200,2023-11-04T03:20:43Z,"dance pop,pop",0.82,0.656,8,-5.537,0,0.0399,0.209,0.0339,0.124,0.698,143.059,4
45Nc6nYgV3yBvAeRaZt689,"5cj0lLjcoR7YOSnhnX0Po5","Alone","Planet Her","Doja Cat",2021-06-25,228866,60,spotify:user:12132863200,2023-11-04T03:20:43Z,"dance pop,pop",0.691,0.656,8,-5.864,0,0.172,0.543,0.0000122,0.095,0.746,169.973,4
3DarAbFujv6eYNliUTyqtz,"5cj0lLjcoR7YOSnhnX0Po5,7tYKF4w9nC0nq9CsPZTHyP","Kiss Me More (feat. SZA)","Planet Her","Doja Cat,SZA",2021-06-25,208666,83,spotify:user:12132863200,2023-11-04T03:20:43Z,"dance pop,pop,r&b,rap",0.764,0.705,8,-3.463,1,0.0284,0.259,0.0000892,0.12,0.781,110.97,4
1M3XB6EUPUZy58Aqt6zbKr,"5cj0lLjcoR7YOSnhnX0Po5","Woman","Planet Her (Deluxe)","Doja Cat",2021-06-27,172626,59,spotify:user:12132863200,2023-11-04T03:20:44Z,"dance pop,pop",0.824,0.764,5,-4.175,0,0.0854,0.0888,0.00294,0.117,0.881,107.998,4
7E01yTzdhlzS4H4rH2k7HH,"5cj0lLjcoR7YOSnhnX0Po5","Naked","Planet Her (Deluxe)","Doja Cat",2021-06-27,223560,54,spotify:user:12132863200,2023-11-04T03:20:44Z,"dance pop,pop",0.733,0.862,7,-5.736,1,0.197,0.374,0.00247,0.131,0.536,111.076,4
1pdTHjkIgxdWodGpi9YJ5d,"5cj0lLjcoR7YOSnhnX0Po5,50co4Is1HCEo8bhOyUWKpn","Payday (feat. Young Thug)","Planet Her (Deluxe)","Doja Cat,Young Thug",2021-06-27,212946,52,spotify:user:12132863200,2023-11-04T03:20:44Z,"dance pop,pop,atl hip hop,atl trap,gangster rap,melodic rap,rap,trap",0.619,0.707,1,-5.791,1,0.0499,0.0366,0.0000754,0.13,0.558,168.995,4
0FYc9DIr89rbzt2WJMvyou,"5cj0lLjcoR7YOSnhnX0Po5","Get Into It (Yuh)","Planet Her (Deluxe)","Doja Cat",2021-06-27,138293,58,spotify:user:12132863200,2023-11-04T03:20:44Z,"dance pop,pop",0.912,0.655,8,-6.029,0,0.162,0.315,0.0000339,0.0894,0.793,91.942,4
6G6ykEzZ1r7V1qrmNdBOVV,"5cj0lLjcoR7YOSnhnX0Po5","Need to Know","Planet Her (Deluxe)","Doja Cat",2021-06-27,210560,58,spotify:user:12132863200,2023-11-04T03:20:44Z,"dance pop,pop",0.664,0.609,1,-6.509,1,0.0707,0.304,0,0.0926,0.194,130.041,4
2HzPCR7K0RR8nutu3l3QtN,"5cj0lLjcoR7YOSnhnX0Po5,66CXWjxzNUsdJxJ2JdwvnR","I Don't Do Drugs (feat. Ariana Grande)","Planet Her (Deluxe)","Doja Cat,Ariana Grande",2021-06-27,188893,55,spotify:user:12132863200,2023-11-04T03:20:44Z,"dance pop,pop",0.683,0.615,5,-5.737,1,0.0966,0.222,0.00000825,0.154,0.45,77.014,4
0bOgWId7cFqBEKnlZct2q6,"5cj0lLjcoR7YOSnhnX0Po5","Love To Dream","Planet Her (Deluxe)","Doja Cat",2021-06-27,216853,52,spotify:user:12132863200,2023-11-04T03:20:44Z,"dance pop,pop",0.734,0.45,6,-7.075,1,0.0824,0.597,0.00000733,0.0964,0.529,135.067,4
7Me3GKpQyEsHwS9xnOrUgM,"5cj0lLjcoR7YOSnhnX0Po5,1Xyo4u8uXC1ZmMpatF05PJ","You Right","Planet Her (Deluxe)","Doja Cat,The Weeknd",2021-06-27,186173,59,spotify:user:12132863200,2023-11-04T03:20:44Z,"dance pop,pop,canadian contemporary r&b,canadian pop",0.828,0.621,8,-6.414,1,0.0565,0.0164,0.00233,0.0845,0.436,128.986,4
0GU7GSh1Ri0CKOe7fseiR1,"5cj0lLjcoR7YOSnhnX0Po5","Been Like This","Planet Her (Deluxe)","Doja Cat",2021-06-27,177373,54,spotify:user:12132863200,2023-11-04T03:20:44Z,"dance pop,pop",0.678,0.531,10,-5.029,1,0.0374,0.126,0.0000344,0.377,0.176,99.008,4
5MkBYMZGDWAKLHAJesZ6MJ,"5cj0lLjcoR7YOSnhnX0Po5,6U3ybJ9UHNKEdsH7ktGBZ7","Options (feat. JID)","Planet Her (Deluxe)","Doja Cat,JID",2021-06-27,159160,52,spotify:user:12132863200,2023-11-04T03:20:44Z,"dance pop,pop,hip hop,pop rap,rap,underground hip hop",0.842,0.522,7,-7.844,1,0.0985,0.293,0.0000691,0.107,0.285,132.986,4
2VT56hhAcF0D3lGx9PUthf,"5cj0lLjcoR7YOSnhnX0Po5","Ain't Shit","Planet Her (Deluxe)","Doja Cat",2021-06-27,174253,58,spotify:user:12132863200,2023-11-04T03:20:44Z,"dance pop,pop",0.855,0.488,3,-4.601,1,0.208,0.506,0,0.347,0.619,124.097,4
0frkJRc31JunrJ6JmqRpqa,"5cj0lLjcoR7YOSnhnX0Po5","Imagine","Planet Her (Deluxe)","Doja Cat",2021-06-27,148253,49,spotify:user:12132863200,2023-11-04T03:20:44Z,"dance pop,pop",0.82,0.656,8,-5.537,0,0.0399,0.209,0.0339,0.124,0.698,143.059,4
3jt8YFtxRJOg99gmJuQBiC,"5cj0lLjcoR7YOSnhnX0Po5","Alone","Planet Her (Deluxe)","Doja Cat",2021-06-27,228866,50,spotify:user:12132863200,2023-11-04T03:20:44Z,"dance pop,pop",0.691,0.656,8,-5.864,0,0.172,0.543,0.0000122,0.095,0.746,169.973,4
5cOyxjetBT7kRnqL68madd,"5cj0lLjcoR7YOSnhnX0Po5,7tYKF4w9nC0nq9CsPZTHyP","Kiss Me More (feat. SZA)","Planet Her (Deluxe)","Doja Cat,SZA",2021-06-27,208666,53,spotify:user:12132863200,2023-11-04T03:20:44Z,"dance pop,pop,r&b,rap",0.764,0.705,8,-3.463,1,0.0284,0.259,0.0000892,0.12,0.781,110.97,4
4rmwWGh87KY0ouByBEh1zC,"5cj0lLjcoR7YOSnhnX0Po5,1Xyo4u8uXC1ZmMpatF05PJ","You Right - Extended","Planet Her (Deluxe)","Doja Cat,The Weeknd",2021-06-27,246040,62,spotify:user:12132863200,2023-11-04T03:20:44Z,"dance pop,pop,canadian contemporary r&b,canadian pop",0.837,0.567,8,-6.709,1,0.0649,0.0158,0.00139,0.118,0.502,129.001,4
1uQ1TZ9YIWCtBTgq09uoix,"5cj0lLjcoR7YOSnhnX0Po5","Up And Down","Planet Her (Deluxe)","Doja Cat",2021-06-27,151506,63,spotify:user:12132863200,2023-11-04T03:20:44Z,"dance pop,pop",0.829,0.761,10,-4.882,0,0.117,0.186,0.00000778,0.0705,0.67,74.979,4
2rokN1FX25tFt7vPTFi5lB,"5cj0lLjcoR7YOSnhnX0Po5,4d3yvTptO48nOYTPBcPFZC","Tonight (feat. Eve)","Planet Her (Deluxe)","Doja Cat,Eve",2021-06-27,168573,58,spotify:user:12132863200,2023-11-04T03:20:44Z,"dance pop,pop,contemporary r&b,hip pop,philly rap,r&b,urban contemporary",0.779,0.558,7,-5.523,0,0.259,0.0417,0,0.0727,0.866,91.933,4
4jw87bP3TuCGm15g9kc64g,"5cj0lLjcoR7YOSnhnX0Po5","Ride","Planet Her (Deluxe)","Doja Cat",2021-06-27,176733,61,spotify:user:12132863200,2023-11-04T03:20:44Z,"dance pop,pop",0.722,0.592,9,-6.718,0,0.383,0.224,0.000697,0.0714,0.828,199.719,4
5OQnuRwGJTDwk4PNq21Som,"5cj0lLjcoR7YOSnhnX0Po5,2hlmm7s2ICUX0LVIhVFlZQ","Why Why (feat. Gunna)","Planet Her (Deluxe)","Doja Cat,Gunna",2021-06-27,178960,55,spotify:user:12132863200,2023-11-04T03:20:44Z,"dance pop,pop,atl hip hop,melodic rap,rap,trap",0.592,0.635,5,-5.351,1,0.0971,0.212,0,0.305,0.476,155.907,4
66bLKGXOk3kPWWHP7Tbrki,"5cj0lLjcoR7YOSnhnX0Po5","Celebrity Skin","Celebrity Skin","Doja Cat",2022-02-11,159651,53,spotify:user:12132863200,2023-11-04T03:20:46Z,"dance pop,pop",0.475,0.885,11,-4.735,0,0.0533,0.0000224,0.0000993,0.279,0.413,133.951,4
3vySEUpD0tc801F2WZDLYw,"5LHRHt1k9lMyONurDHEdrp,5cj0lLjcoR7YOSnhnX0Po5","Freaky Deaky","Freaky Deaky","Tyga,Doja Cat",2022-02-25,215281,70,spotify:user:12132863200,2023-11-04T03:20:47Z,"hip hop,pop rap,rap,trap,dance pop,pop",0.799,0.653,2,-5.453,0,0.037,0.019,0,0.0935,0.236,104.019,4
73zYIhO5CctxAxvdFbgDIS,"5LHRHt1k9lMyONurDHEdrp,5cj0lLjcoR7YOSnhnX0Po5","Freaky Deaky - Sped Up","Freaky Deaky (Sped Up)","Tyga,Doja Cat",2022-02-25,220009,33,spotify:user:12132863200,2023-11-04T03:20:48Z,"hip hop,pop rap,rap,trap,dance pop,pop",0.721,0.615,8,-8.81,1,0.0431,0.0412,0.0000469,0.106,0.255,124.782,4
1HaI4iTFkGQbyEnys6k5kn,"5LHRHt1k9lMyONurDHEdrp,5cj0lLjcoR7YOSnhnX0Po5,6cEuCEZu7PAE9ZSzLLc2oQ","Freaky Deaky - R3HAB Remix","Freaky Deaky (R3HAB Remix)","Tyga,Doja Cat,R3HAB",2022-04-15,140059,52,spotify:user:12132863200,2023-11-04T03:20:50Z,"hip hop,pop rap,rap,trap,dance pop,pop,dutch house,edm,electro house,pop dance,progressive electro house,slap house",0.722,0.939,2,-5.131,1,0.0883,0.00433,0.0795,0.115,0.43,126.014,4
0hquQWY3xvYqN4qtiquniF,"5cj0lLjcoR7YOSnhnX0Po5","Vegas (From the Original Motion Picture Soundtrack ELVIS)","Vegas (From the Original Motion Picture Soundtrack ELVIS)","Doja Cat",2022-05-06,182906,80,spotify:user:12132863200,2023-11-04T03:20:52Z,"dance pop,pop",0.801,0.601,8,-7.574,0,0.255,0.0777,0.0000323,0.145,0.74,159.969,4
49CHpBYoeE9j0QIXy9dKI7,"5cj0lLjcoR7YOSnhnX0Po5,6USMTwO0MNDnKte5a5h0xx","I Don't Do Drugs - Y2K Remix","I Don't Do Drugs (Y2K Remix)","Doja Cat,Y2K",2023-01-20,174876,53,spotify:user:12132863200,2023-11-04T03:20:53Z,"dance pop,pop,pop rap,viral rap",0.566,0.877,5,-6.975,1,0.04,0.0198,0.603,0.0871,0.347,154.007,4
0CrcwVLUe8wzLUIXgjXVZJ,"7tYKF4w9nC0nq9CsPZTHyP,5cj0lLjcoR7YOSnhnX0Po5","Kill Bill (feat. Doja Cat)","Kill Bill (feat. Doja Cat)","SZA,Doja Cat",2023-04-14,175836,73,spotify:user:12132863200,2023-11-04T03:20:54Z,"pop,r&b,rap,dance pop",0.629,0.744,5,-6.124,0,0.0409,0.0769,0.247,0.194,0.451,89.021,4
11xC6P3iKYpFThT6Ce1KdG,"5cj0lLjcoR7YOSnhnX0Po5","Attention","Attention","Doja Cat",2023-06-16,277043,78,spotify:user:12132863200,2023-11-04T03:20:55Z,"dance pop,pop",0.759,0.567,2,-7.911,1,0.248,0.118,0.0278,0.105,0.421,87.981,4
2IGMVunIBsBLtEQyoI1Mu7,"5cj0lLjcoR7YOSnhnX0Po5","Paint The Town Red","Paint The Town Red","Doja Cat",2023-08-04,231750,98,spotify:user:12132863200,2023-11-04T03:21:28Z,"dance pop,pop",0.868,0.538,5,-8.603,1,0.174,0.269,0.00000334,0.0901,0.732,99.968,4
1xemKSmCnH59ze3KX5wwgH,"5cj0lLjcoR7YOSnhnX0Po5","Demons","Demons","Doja Cat",2023-08-31,195573,77,spotify:user:12132863200,2023-11-04T03:21:35Z,"dance pop,pop",0.821,0.341,8,-5.915,1,0.281,0.0000873,0.00746,0.18,0.344,139.885,4
3ORJauxAOuvOmVi0kU26Sp,"5cj0lLjcoR7YOSnhnX0Po5","Demons","Demons + Paint The Town Red","Doja Cat",2023-09-01,195573,64,spotify:user:12132863200,2023-11-04T03:21:36Z,"dance pop,pop",0.831,0.362,1,-6.085,1,0.229,0.000156,0.0162,0.168,0.313,139.941,4
3p4N5ANtLIxL3JDZn6XAi2,"5cj0lLjcoR7YOSnhnX0Po5","Paint The Town Red","Demons + Paint The Town Red","Doja Cat",2023-09-01,231750,60,spotify:user:12132863200,2023-11-04T03:21:36Z,"dance pop,pop",0.868,0.538,5,-8.603,1,0.174,0.269,0.00000334,0.0901,0.732,99.968,4
0Rjj6c6oThmuTeNu3EP3um,"5cj0lLjcoR7YOSnhnX0Po5","Paint The Town Red - Sped Up","Demons + Paint The Town Red","Doja Cat",2023-09-01,210681,64,spotify:user:12132863200,2023-11-04T03:21:36Z,"dance pop,pop",0.887,0.528,9,-8.563,1,0.189,0.258,0.000102,0.1,0.726,109.971,4
6lImMzho2Y8QO4MGcHf2GP,"5cj0lLjcoR7YOSnhnX0Po5","Paint The Town Red - Slowed Down","Demons + Paint The Town Red","Doja Cat",2023-09-01,331071,50,spotify:user:12132863200,2023-11-04T03:21:36Z,"dance pop,pop",0.811,0.335,8,-8.822,0,0.351,0.222,0,0.105,0.345,139.901,4
1Qdy3F7WUDXgdHvt3k0Xx7,"5cj0lLjcoR7YOSnhnX0Po5","Paint The Town Red","Demons + Paint The Town Red","Doja Cat",2023-09-01,231750,51,spotify:user:12132863200,2023-11-04T03:21:36Z,"dance pop,pop",0.841,0.558,2,-8.519,0,0.246,0.255,0.0000065,0.0955,0.746,99.959,4
2c659Cp9exFsgapfBPnD1Y,"5cj0lLjcoR7YOSnhnX0Po5","Paint The Town Red - Instrumental","Demons + Paint The Town Red","Doja Cat",2023-09-01,231750,46,spotify:user:12132863200,2023-11-04T03:21:36Z,"dance pop,pop",0.905,0.389,5,-11.481,1,0.0509,0.22,0.935,0.0956,0.613,100.016,4
3PvChJcbDMKFCQppIRYQo9,"5cj0lLjcoR7YOSnhnX0Po5","Balut","Balut","Doja Cat",2023-09-15,207507,69,spotify:user:12132863200,2023-11-04T03:21:37Z,"dance pop,pop",0.767,0.61,0,-4.545,1,0.177,0.165,0.0939,0.186,0.415,148.129,4
7DlZH8EiVDgQXNoj3dnyZC,"5cj0lLjcoR7YOSnhnX0Po5","Paint The Town Red","Scarlet","Doja Cat",2023-09-22,230480,83,spotify:user:12132863200,2023-11-04T03:21:38Z,"dance pop,pop",0.864,0.556,2,-7.683,0,0.194,0.255,0.00000385,0.112,0.726,99.974,4
6vb4kCEIM7zrwuHlxFbfeB,"5cj0lLjcoR7YOSnhnX0Po5","Demons","Scarlet","Doja Cat",2023-09-22,195573,74,spotify:user:12132863200,2023-11-04T03:21:38Z,"dance pop,pop",0.831,0.362,1,-6.085,1,0.229,0.000156,0.0162,0.168,0.313,139.941,4
5MqauQV2PhcEFfhKtBOTua,"5cj0lLjcoR7YOSnhnX0Po5","Wet Vagina","Scarlet","Doja Cat",2023-09-22,192240,74,spotify:user:12132863200,2023-11-04T03:21:38Z,"dance pop,pop",0.804,0.656,6,-5.723,0,0.0896,0.0207,0.0000186,0.107,0.192,150.014,4
6DOphQTeNmy1gk3um8sPYC,"5cj0lLjcoR7YOSnhnX0Po5","Fuck The Girls (FTG)","Scarlet","Doja Cat",2023-09-22,152866,73,spotify:user:12132863200,2023-11-04T03:21:38Z,"dance pop,pop",0.764,0.72,7,-6.494,1,0.273,0.196,0.0000346,0.111,0.643,91.337,4
18EGw1StZNDftpUcX8PM74,"5cj0lLjcoR7YOSnhnX0Po5","Ouchies","Scarlet","Doja Cat",2023-09-22,122186,74,spotify:user:12132863200,2023-11-04T03:21:38Z,"dance pop,pop",0.854,0.808,1,-5.958,1,0.139,0.0194,0.00000241,0.108,0.794,110.203,4
3zLwDjumhvIFFwAAZaDNPL,"5cj0lLjcoR7YOSnhnX0Po5","97","Scarlet","Doja Cat",2023-09-22,177666,72,spotify:user:12132863200,2023-11-04T03:21:38Z,"dance pop,pop",0.564,0.796,5,-2.652,0,0.351,0.184,0,0.147,0.864,153.586,4
15sNe8FD178zMsVz6ug0AS,"5cj0lLjcoR7YOSnhnX0Po5","Gun","Scarlet","Doja Cat",2023-09-22,176840,77,spotify:user:12132863200,2023-11-04T03:21:38Z,"dance pop,pop",0.885,0.576,10,-7.17,0,0.238,0.0695,0.000235,0.0993,0.805,76.004,4
032UZ3KVrzII6AE9Abnj7z,"5cj0lLjcoR7YOSnhnX0Po5","Go Off","Scarlet","Doja Cat",2023-09-22,197493,75,spotify:user:12132863200,2023-11-04T03:21:38Z,"dance pop,pop",0.933,0.533,5,-8,0,0.0585,0.027,0.00416,0.118,0.552,140.991,4
4rjQxlKAIXbEqHzjrnYZ7x,"5cj0lLjcoR7YOSnhnX0Po5","Shutcho","Scarlet","Doja Cat",2023-09-22,187400,73,spotify:user:12132863200,2023-11-04T03:21:38Z,"dance pop,pop",0.763,0.441,1,-9.043,1,0.11,0.0343,0,0.132,0.409,145.926,4
7dJYggqjKo71KI9sLzqCs8,"5cj0lLjcoR7YOSnhnX0Po5","Agora Hills","Scarlet","Doja Cat",2023-09-22,265360,91,spotify:user:12132863200,2023-11-04T03:21:38Z,"dance pop,pop",0.75,0.674,8,-6.128,0,0.097,0.228,0.0000891,0.122,0.392,123.026,4
5ZyQqAgrPr0cVm0VfM69Np,"5cj0lLjcoR7YOSnhnX0Po5","Can't Wait","Scarlet","Doja Cat",2023-09-22,235360,74,spotify:user:12132863200,2023-11-04T03:21:38Z,"dance pop,pop",0.472,0.79,6,-4.337,0,0.322,0.286,0.00000345,0.0636,0.815,77.908,4
18dR6VljfkTb47HJOQ9chv,"5cj0lLjcoR7YOSnhnX0Po5","Often","Scarlet","Doja Cat",2023-09-22,198106,70,spotify:user:12132863200,2023-11-04T03:21:38Z,"dance pop,pop",0.509,0.638,9,-5.516,1,0.475,0.554,0.108,0.11,0.593,171.817,4
4NW3t9GA7CyBisyoROefUs,"5cj0lLjcoR7YOSnhnX0Po5","Love Life","Scarlet","Doja Cat",2023-09-22,236960,69,spotify:user:12132863200,2023-11-04T03:21:38Z,"dance pop,pop",0.597,0.622,1,-9.593,1,0.343,0.616,0.00299,0.121,0.649,82.361,4
3qefkziLSTq2l5H1bRoea8,"5cj0lLjcoR7YOSnhnX0Po5","Skull And Bones","Scarlet","Doja Cat",2023-09-22,248440,70,spotify:user:12132863200,2023-11-04T03:21:38Z,"dance pop,pop",0.632,0.706,11,-6.127,0,0.0987,0.106,0.0000509,0.143,0.501,85,4
56uOalQCSny79UjPrefkHy,"5cj0lLjcoR7YOSnhnX0Po5","Attention","Scarlet","Doja Cat",2023-09-22,275506,70,spotify:user:12132863200,2023-11-04T03:21:38Z,"dance pop,pop",0.758,0.587,2,-6.932,1,0.244,0.13,0.0173,0.109,0.395,87.997,4
3yeVb5di44wD6CZ2sJromR,"5cj0lLjcoR7YOSnhnX0Po5","Balut","Scarlet","Doja Cat",2023-09-22,205453,68,spotify:user:12132863200,2023-11-04T03:21:38Z,"dance pop,pop",0.778,0.626,0,-4.329,1,0.161,0.183,0.127,0.177,0.377,148.022,4
1qimDZEBflJE25RXkF24Yg,"5cj0lLjcoR7YOSnhnX0Po5","WYM Freestyle","Scarlet","Doja Cat",2023-09-22,124106,70,spotify:user:12132863200,2023-11-04T03:21:38Z,"dance pop,pop",0.895,0.486,1,-5.937,1,0.273,0.00449,0.00733,0.119,0.375,144.064,4
34ZAzO78a5DAVNrYIGWcPm,"7tYKF4w9nC0nq9CsPZTHyP","Shirt","Shirt","SZA",2022-10-28,181830,73,spotify:user:12132863200,2023-11-04T03:26:51Z,"pop,r&b,rap",0.824,0.453,3,-9.604,0,0.0968,0.146,0.0273,0.0896,0.552,119.959,4
