﻿Spotify ID,Artist IDs,Track Name,Album Name,Artist Name(s),Release Date,Duration (ms),Popularity,Added By,Added At,Genres,Danceability,Energy,Key,Loudness,Mode,Speechiness,Acousticness,Instrumentalness,Liveness,Valence,Tempo,Time Signature
7sg9ToL94GAiksETi5GZGz,"7tYKF4w9nC0nq9CsPZTHyP","Ur","Z","SZA",2014-04-08,235769,50,spotify:user:12132863200,2023-11-04T03:26:06Z,"pop,r&b,rap",0.754,0.56,0,-8.01,1,0.0608,0.318,0.131,0.0863,0.355,114.034,4
7GPstnufSTScEaw9dMxO9H,"7tYKF4w9nC0nq9CsPZTHyP,1anyVhU62p31KFi8MEzkbf","Childs Play (feat. Chance the Rapper)","Z","SZA,Chance the Rapper",2014-04-08,216234,69,spotify:user:12132863200,2023-11-04T03:26:06Z,"pop,r&b,rap,chicago rap,conscious hip hop,hip hop,pop rap",0.759,0.342,1,-9.044,0,0.0406,0.775,0,0.112,0.22,99.995,4
3oUSdLtRYOSvXcLMrHctv7,"7tYKF4w9nC0nq9CsPZTHyP","Julia","Z","SZA",2014-04-08,219642,59,spotify:user:12132863200,2023-11-04T03:26:06Z,"pop,r&b,rap",0.666,0.688,0,-7.071,1,0.031,0.00866,0.000009,0.0964,0.433,111.02,4
0Kz9aGVgFvndWkcaiylIt5,"7tYKF4w9nC0nq9CsPZTHyP,6aaMZ3fcfLv4tEbmY7bjRM","Warm Winds (feat. Isaiah Rashad)","Z","SZA,Isaiah Rashad",2014-04-08,350911,56,spotify:user:12132863200,2023-11-04T03:26:06Z,"pop,r&b,rap,hip hop,tennessee hip hop,underground hip hop",0.387,0.505,7,-8.579,1,0.247,0.259,0.000133,0.564,0.158,84.942,4
4N0VFSI2wJu2NzwUuI0sMz,"7tYKF4w9nC0nq9CsPZTHyP","HiiiJack","Z","SZA",2014-04-08,222164,56,spotify:user:12132863200,2023-11-04T03:26:06Z,"pop,r&b,rap",0.682,0.551,8,-8.746,1,0.288,0.221,0.0000223,0.133,0.357,73.988,4
0FclB23LoCgzu0jm9VOPuq,"7tYKF4w9nC0nq9CsPZTHyP","Green Mile","Z","SZA",2014-04-08,214385,45,spotify:user:12132863200,2023-11-04T03:26:06Z,"pop,r&b,rap",0.366,0.63,9,-7.716,0,0.138,0.595,0.571,0.127,0.134,149.595,4
6Aj2H0Z0v0JgnSfPEwCgW0,"7tYKF4w9nC0nq9CsPZTHyP,2YZyLoL8N0Wb9xBt1NhZWg","Babylon (feat. Kendrick Lamar)","Z","SZA,Kendrick Lamar",2014-04-08,234284,59,spotify:user:12132863200,2023-11-04T03:26:06Z,"pop,r&b,rap,conscious hip hop,hip hop,west coast rap",0.51,0.71,5,-6.891,0,0.113,0.629,0,0.0607,0.367,131.891,4
7swGurTfZlwx7mTOE8PpIc,"7tYKF4w9nC0nq9CsPZTHyP","Sweet November","Z","SZA",2014-04-08,243744,60,spotify:user:12132863200,2023-11-04T03:26:06Z,"pop,r&b,rap",0.478,0.551,0,-7.079,0,0.0354,0.532,0.0154,0.288,0.481,108.849,4
3fdqtnqZ7Zax6CIeQWZWN6,"7tYKF4w9nC0nq9CsPZTHyP","Shattered Ring","Z","SZA",2014-04-08,245806,46,spotify:user:12132863200,2023-11-04T03:26:06Z,"pop,r&b,rap",0.396,0.475,4,-9.242,0,0.0303,0.0504,0.0226,0.144,0.0798,160.031,4
2EToRpTwkuy7B0Hi74g7jF,"7tYKF4w9nC0nq9CsPZTHyP","Omega","Z","SZA",2014-04-08,263313,45,spotify:user:12132863200,2023-11-04T03:26:06Z,"pop,r&b,rap",0.581,0.576,4,-11.748,0,0.0671,0.0753,0.00819,0.0684,0.142,124.445,4
4Ni8k94lpdC6gzjXtUdzVw,"7tYKF4w9nC0nq9CsPZTHyP","Drew Barrymore","Drew Barrymore","SZA",2017-01-13,236444,41,spotify:user:12132863200,2023-11-04T03:26:07Z,"pop,r&b,rap",0.544,0.444,7,-9.291,0,0.0642,0.271,0,0.377,0.223,135.32,4
1Iu2xRcZGoVRJ57Jo5BAzZ,"7tYKF4w9nC0nq9CsPZTHyP","Broken Clocks","Broken Clocks","SZA",2017-06-02,231253,43,spotify:user:12132863200,2023-11-04T03:26:14Z,"pop,r&b,rap",0.692,0.684,6,-7.364,1,0.155,0.131,0,0.156,0.406,112.912,4
5wTVNpi5WDByxBgKgUE6MU,"7tYKF4w9nC0nq9CsPZTHyP","Supermodel","Ctrl","SZA",2017-06-09,181120,75,spotify:user:12132863200,2023-11-04T03:26:16Z,"pop,r&b,rap",0.613,0.442,6,-8.874,1,0.288,0.651,0,0.26,0.252,119.737,5
0q75NwOoFiARAVp4EXU4Bs,"7tYKF4w9nC0nq9CsPZTHyP,0Y5tJX1MQlPlqiwlOH1tJY","Love Galore (feat. Travis Scott)","Ctrl","SZA,Travis Scott",2017-06-09,275080,80,spotify:user:12132863200,2023-11-04T03:26:16Z,"pop,r&b,rap,hip hop,slap house",0.795,0.594,0,-6.2,1,0.0748,0.112,0,0.162,0.409,135.002,4
593W4qZOwwdqF6YnimJjL6,"7tYKF4w9nC0nq9CsPZTHyP,2YZyLoL8N0Wb9xBt1NhZWg","Doves In The Wind (feat. Kendrick Lamar)","Ctrl","SZA,Kendrick Lamar",2017-06-09,266080,73,spotify:user:12132863200,2023-11-04T03:26:16Z,"pop,r&b,rap,conscious hip hop,hip hop,west coast rap",0.693,0.713,10,-4.489,0,0.351,0.343,0,0.102,0.615,137.335,4
06u5LrUpbosQlQ1QJFhPpG,"7tYKF4w9nC0nq9CsPZTHyP","Drew Barrymore","Ctrl","SZA",2017-06-09,231400,75,spotify:user:12132863200,2023-11-04T03:26:16Z,"pop,r&b,rap",0.577,0.523,0,-5.538,0,0.0429,0.491,0,0.147,0.29,134.93,4
5yvhdo8FXbBsIllxv2Rr94,"7tYKF4w9nC0nq9CsPZTHyP","Prom","Ctrl","SZA",2017-06-09,196133,71,spotify:user:12132863200,2023-11-04T03:26:16Z,"pop,r&b,rap",0.805,0.702,1,-4.877,1,0.0887,0.0639,0,0.123,0.225,120.048,4
6gU9OKjOE7ghfEd55oRO57,"7tYKF4w9nC0nq9CsPZTHyP","The Weekend","Ctrl","SZA",2017-06-09,272186,79,spotify:user:12132863200,2023-11-04T03:26:16Z,"pop,r&b,rap",0.4,0.366,8,-9.405,0,0.0597,0.242,0,0.126,0.161,73.313,3
6Vmow8PuUaU7W1T2WWLZk2,"7tYKF4w9nC0nq9CsPZTHyP","Go Gina","Ctrl","SZA",2017-06-09,161613,68,spotify:user:12132863200,2023-11-04T03:26:16Z,"pop,r&b,rap",0.603,0.606,9,-6.634,1,0.114,0.799,0,0.391,0.462,80.176,4
19woxaSpjOefa2JnAOoqW5,"7tYKF4w9nC0nq9CsPZTHyP","Garden (Say It Like Dat)","Ctrl","SZA",2017-06-09,208400,73,spotify:user:12132863200,2023-11-04T03:26:16Z,"pop,r&b,rap",0.73,0.457,9,-7.26,1,0.283,0.0705,0,0.124,0.549,111.352,4
2fXwCWkh6YG5zU1IyvQrbs,"7tYKF4w9nC0nq9CsPZTHyP","Broken Clocks","Ctrl","SZA",2017-06-09,231253,82,spotify:user:12132863200,2023-11-04T03:26:16Z,"pop,r&b,rap",0.692,0.684,6,-7.364,1,0.155,0.131,0,0.156,0.406,112.912,4
0336UwEBwBBao8uWCuugYr,"7tYKF4w9nC0nq9CsPZTHyP","Anything","Ctrl","SZA",2017-06-09,149320,62,spotify:user:12132863200,2023-11-04T03:26:16Z,"pop,r&b,rap",0.669,0.488,0,-4.711,0,0.326,0.394,0.000649,0.0952,0.548,151.798,4
3LcoHjgdNl4xtWVaJGSA1p,"7tYKF4w9nC0nq9CsPZTHyP,5ooSG9S0glqP5ZrqqaHBvT","Wavy (Interlude) (feat. James Fauntleroy)","Ctrl","SZA,James Fauntleroy",2017-06-09,75800,64,spotify:user:12132863200,2023-11-04T03:26:16Z,"pop,r&b,rap",0.629,0.509,0,-8.1,0,0.0809,0.475,0,0.0727,0.389,78.99,1
5fQBa4wkmq28xpSLOQ202K,"7tYKF4w9nC0nq9CsPZTHyP","Normal Girl","Ctrl","SZA",2017-06-09,253586,77,spotify:user:12132863200,2023-11-04T03:26:16Z,"pop,r&b,rap",0.624,0.532,0,-7.146,1,0.124,0.269,0.0000517,0.158,0.362,76.453,4
1IgePMOW0qEe1AViWgkal9,"7tYKF4w9nC0nq9CsPZTHyP,6aaMZ3fcfLv4tEbmY7bjRM","Pretty Little Birds (feat. Isaiah Rashad)","Ctrl","SZA,Isaiah Rashad",2017-06-09,245946,64,spotify:user:12132863200,2023-11-04T03:26:16Z,"pop,r&b,rap,hip hop,tennessee hip hop,underground hip hop",0.362,0.518,1,-7.687,1,0.306,0.223,0.00314,0.316,0.348,89.667,4
4h6ViRoztTBpWcJ1zFT9Zg,"7tYKF4w9nC0nq9CsPZTHyP","20 Something","Ctrl","SZA",2017-06-09,198160,73,spotify:user:12132863200,2023-11-04T03:26:16Z,"pop,r&b,rap",0.569,0.299,11,-8.603,1,0.275,0.739,0,0.054,0.505,81.049,4
0P6AWOA4LG1XOctzaVu5tt,"7tYKF4w9nC0nq9CsPZTHyP,7CajNmpbOovFoOoasH2HaY,4A0TivfinfALCAMJqqjZIk","The Weekend - Funk Wav Remix","The Weekend (Funk Wav Remix)","SZA,Calvin Harris,Funk Wav",2017-12-15,171805,75,spotify:user:12132863200,2023-11-04T03:26:17Z,"pop,r&b,rap,dance pop,edm,electro house,house,pop dance,progressive house,uk dance,funktronica",0.775,0.573,11,-4.933,1,0.0585,0.495,0,0.126,0.667,101.925,4
66kQ7wr4d2LwwSjr7HXcyr,"2YZyLoL8N0Wb9xBt1NhZWg,7tYKF4w9nC0nq9CsPZTHyP","All The Stars (with SZA)","All The Stars (with SZA)","Kendrick Lamar,SZA",2018-01-04,235540,61,spotify:user:12132863200,2023-11-04T03:26:18Z,"conscious hip hop,hip hop,rap,west coast rap,pop,r&b",0.705,0.628,5,-5.362,0,0.0489,0.0287,0.0193,0.0863,0.465,96.799,4
5qN4HFkapdAOV94XPryVof,"2YZyLoL8N0Wb9xBt1NhZWg","Black Panther","Black Panther The Album Music From And Inspired By","Kendrick Lamar",2018-02-09,130613,54,spotify:user:12132863200,2023-11-04T03:26:20Z,"conscious hip hop,hip hop,rap,west coast rap",0.618,0.582,1,-9.454,1,0.297,0.625,0.00000384,0.265,0.48,90.035,4
3GCdLUSnKSMJhs4Tj6CV3s,"2YZyLoL8N0Wb9xBt1NhZWg,7tYKF4w9nC0nq9CsPZTHyP","All The Stars (with SZA)","Black Panther The Album Music From And Inspired By","Kendrick Lamar,SZA",2018-02-09,232186,86,spotify:user:12132863200,2023-11-04T03:26:20Z,"conscious hip hop,hip hop,rap,west coast rap,pop,r&b",0.698,0.633,8,-4.946,1,0.0597,0.0605,0.000194,0.0926,0.552,96.924,4
4LmAnpjlhWTahvRkYR8xJa,"5IcR3N7QB1j6KBL8eImZ8m,17lzZA2AlOHwCwFALHttmp,37Qsf5KCKljH7mL134xp4k","X (with 2 Chainz & Saudi)","Black Panther The Album Music From And Inspired By","ScHoolboy Q,2 Chainz,Saudi",2018-02-09,267426,65,spotify:user:12132863200,2023-11-04T03:26:20Z,"gangster rap,hip hop,pop rap,rap,southern hip hop,trap,atl hip hop,south african hip hop",0.768,0.471,2,-8.406,1,0.259,0.0201,0,0.268,0.405,131.023,4
5jyyPsIGM2yqkZN9R3TmvN,"6LuN9FCkKOj5PcnpouEgny,1zNqQNIdeOUZHb8zbZRFMX","The Ways (with Swae Lee)","Black Panther The Album Music From And Inspired By","Khalid,Swae Lee",2018-02-09,238893,62,spotify:user:12132863200,2023-11-04T03:26:20Z,"pop,pop r&b,melodic rap,rap,trap",0.727,0.72,11,-5.856,0,0.0488,0.0626,0.00000121,0.176,0.589,140.08,4
7bUcBztfGqO7cSI2gMZeCI,"68kEuyFKyqrdQQLLsmiatm,3kv1Edgn5HlEWCuEKr1Y9x","Opps (with Yugen Blakrok)","Black Panther The Album Music From And Inspired By","Vince Staples,Yugen Blakrok",2018-02-09,180893,55,spotify:user:12132863200,2023-11-04T03:26:20Z,"conscious hip hop,hip hop,rap,underground hip hop,south african hip hop,spiritual hip hop",0.706,0.775,1,-6.819,1,0.335,0.152,0.0000332,0.416,0.847,127.929,4
0DJBgBiYeSn6n1AXAkFVE8,"1CoZyIx7UvdxT5c8UkMzHd","I Am","Black Panther The Album Music From And Inspired By","Jorja Smith",2018-02-09,208760,58,spotify:user:12132863200,2023-11-04T03:26:20Z,"r&b,uk contemporary r&b",0.601,0.583,8,-5.725,0,0.263,0.144,0.0000973,0.183,0.32,148.785,4
2tPcTFiQF9MbVUyjZ3zDhA,"2TImI3DW7o5MdRXJs4D37h","Paramedic!","Black Panther The Album Music From And Inspired By","SOB X RBE",2018-02-09,219306,64,spotify:user:12132863200,2023-11-04T03:26:20Z,"cali rap",0.856,0.652,1,-5.324,1,0.143,0.177,0,0.193,0.471,97.017,4
4KXwFI9pgJLpUIAc9oSL8j,"0g9vAlRPK9Gt3FKCekk4TW,3jK9MiCrA42lLAdMGUZpwa,53KwLdlmrlCelAZMaLVZqU","Bloody Waters (with Anderson .Paak & James Blake)","Black Panther The Album Music From And Inspired By","Ab-Soul,Anderson .Paak,James Blake",2018-02-09,272306,54,spotify:user:12132863200,2023-11-04T03:26:20Z,"conscious hip hop,hip hop,rap,underground hip hop,escape room,indie soul,neo soul,art pop,indietronica,uk alternative pop",0.507,0.606,8,-8.758,1,0.452,0.185,0,0.174,0.202,180.607,4
1eLSF6HfrRA0AsNmTkUlKx,"28ExwzUQsvgJooOI0X1mr3,2YZyLoL8N0Wb9xBt1NhZWg,1RyvyyTE3xzB2ZywiAwp0i,53KwLdlmrlCelAZMaLVZqU","King's Dead (with Kendrick Lamar, Future & James Blake)","Black Panther The Album Music From And Inspired By","Jay Rock,Kendrick Lamar,Future,James Blake",2018-02-09,225266,64,spotify:user:12132863200,2023-11-04T03:26:20Z,"conscious hip hop,hip hop,rap,southern hip hop,trap,west coast rap,atl hip hop,art pop,indie soul,indietronica,neo soul,uk alternative pop",0.566,0.724,1,-4.574,1,0.323,0.00102,0,0.158,0.407,81.774,4
4FpfU1O7WCLBnmwu5XAFk4,"3qBKjEOanahMxlRojwCzhI","Redemption Interlude","Black Panther The Album Music From And Inspired By","Zacari",2018-02-09,85266,49,spotify:user:12132863200,2023-11-04T03:26:20Z,"",0.549,0.449,9,-13.645,0,0.104,0.662,0.0000488,0.0866,0.223,121.164,4
76iVOVsliCHlWqKuDnCfhE,"3qBKjEOanahMxlRojwCzhI,3jfVtv9mWfW0c5b3Fx440e","Redemption (with Babes Wodumo)","Black Panther The Album Music From And Inspired By","Zacari,Babes Wodumo",2018-02-09,222093,53,spotify:user:12132863200,2023-11-04T03:26:20Z,"afro soul,gqom,south african pop",0.778,0.765,11,-7.175,0,0.128,0.139,0.0274,0.123,0.642,125.062,4
35cOyocq8Gb6UcT0NWeTwn,"4AA474G2hRfrHyGrfyDseO,4RfOLIFy2xEmlWzXEVmLJn,6XpXnnKHIhCOUbOLOJGe6o","Seasons (with Sjava & Reason)","Black Panther The Album Music From And Inspired By","Mozzy,Sjava,REASON",2018-02-09,242293,53,spotify:user:12132863200,2023-11-04T03:26:20Z,"cali rap,sacramento hip hop,afro soul,south african pop,indie hip hop,underground hip hop",0.629,0.554,1,-6.759,1,0.326,0.28,0,0.158,0.308,126.694,4
5cXg9IQS34FzLVdHhp7hu7,"2YZyLoL8N0Wb9xBt1NhZWg,0Y5tJX1MQlPlqiwlOH1tJY","Big Shot (with Travis Scott)","Black Panther The Album Music From And Inspired By","Kendrick Lamar,Travis Scott",2018-02-09,221826,64,spotify:user:12132863200,2023-11-04T03:26:20Z,"conscious hip hop,hip hop,rap,west coast rap,slap house",0.855,0.478,1,-9.116,1,0.193,0.00759,0,0.101,0.284,130.018,4
77UjLW8j5UAGAGVGhR5oUK,"1Xyo4u8uXC1ZmMpatF05PJ,2YZyLoL8N0Wb9xBt1NhZWg","Pray For Me (with Kendrick Lamar)","Black Panther The Album Music From And Inspired By","The Weeknd,Kendrick Lamar",2018-02-09,211440,72,spotify:user:12132863200,2023-11-04T03:26:20Z,"canadian contemporary r&b,canadian pop,pop,conscious hip hop,hip hop,rap,west coast rap",0.735,0.677,2,-4.979,1,0.093,0.0762,0.0000217,0.111,0.188,100.584,4
0MDimlSjIqH6zMGqpfJAew,"0QHgL1lAIqAw0HtD7YldmP,7tYKF4w9nC0nq9CsPZTHyP","Just Us (feat. SZA)","Just Us","DJ Khaled,SZA",2019-05-10,221378,40,spotify:user:12132863200,2023-11-04T03:26:29Z,"hip hop,miami hip hop,pop rap,rap,pop,r&b",0.639,0.859,9,-2.758,0,0.147,0.135,0,0.129,0.566,93.132,4
463PQggkmk5tTw8ug0ahOX,"7tYKF4w9nC0nq9CsPZTHyP,31TPClRtHm23RisEBtV3X7","The Other Side (from Trolls World Tour)","The Other Side (from Trolls World Tour)","SZA,Justin Timberlake",2020-02-26,188186,65,spotify:user:12132863200,2023-11-04T03:26:31Z,"pop,r&b,rap,dance pop",0.76,0.607,7,-6.274,1,0.0964,0.00277,0,0.132,0.709,105.979,4
0TAvqTEYJoXRnt12oNN4MG,"7tYKF4w9nC0nq9CsPZTHyP,31TPClRtHm23RisEBtV3X7,5nki7yRhxgM509M5ADlN1p","The Other Side (from Trolls World Tour) - Oliver Heldens Remix","The Other Side (from Trolls World Tour) [Oliver Heldens Remix]","SZA,Justin Timberlake,Oliver Heldens",2020-04-10,236107,43,spotify:user:12132863200,2023-11-04T03:26:32Z,"pop,r&b,rap,dance pop,dutch house,edm,electro house,future house,house,pop dance,progressive electro house,progressive house",0.657,0.769,7,-5.146,1,0.171,0.0353,0.0000129,0.0959,0.684,122.98,4
7FH61sH4WlBrYWzGPvWERj,"7tYKF4w9nC0nq9CsPZTHyP,31TPClRtHm23RisEBtV3X7,3m5qlPf2OkihLz3dRYnkPA","The Other Side (from Trolls World Tour) - Ovy On The Drums Remix","The Other Side (from Trolls World Tour) [Ovy On The Drums Remix]","SZA,Justin Timberlake,Ovy On The Drums",2020-04-20,197058,36,spotify:user:12132863200,2023-11-04T03:26:33Z,"pop,r&b,rap,dance pop,colombian pop,reggaeton colombiano,urbano latino",0.74,0.791,0,-4.173,1,0.202,0.005,0.00000346,0.0839,0.688,101.991,4
7Bar1kLTmsRmH6FCKKMEyU,"7tYKF4w9nC0nq9CsPZTHyP,0KuF7reCTOZwV7YJnHQqgr,2RdwBSPQiwcmiDo9kixcl8,7c0XG5cIJTrrAgEC3ULPiq","Hit Different","Hit Different","SZA,The Neptunes,Pharrell Williams,Ty Dolla $ign",2020-09-04,202007,73,spotify:user:12132863200,2023-11-04T03:26:34Z,"pop,r&b,rap,dance pop,hip hop,pop rap,southern hip hop,trap,trap soul",0.679,0.516,0,-6.371,0,0.0452,0.199,0,0.0965,0.716,120.074,4
3YJJjQPAbDT7mGpX3WtQ9A,"7tYKF4w9nC0nq9CsPZTHyP","Good Days","Good Days","SZA",2020-12-25,279204,81,spotify:user:12132863200,2023-11-04T03:26:35Z,"pop,r&b,rap",0.436,0.655,1,-8.37,0,0.0583,0.499,0.0000081,0.688,0.412,121.002,4
748mdHapucXQri7IAO8yFK,"5cj0lLjcoR7YOSnhnX0Po5,7tYKF4w9nC0nq9CsPZTHyP","Kiss Me More (feat. SZA)","Kiss Me More (feat. SZA)","Doja Cat,SZA",2021-04-09,208866,79,spotify:user:12132863200,2023-11-04T03:26:38Z,"dance pop,pop,r&b,rap",0.762,0.701,8,-3.541,1,0.0286,0.235,0.000158,0.123,0.742,110.968,4
3B5yl01KF06NkYG39BdTBa,"0H39MdGGX6dbnnQPt6NQkZ,7tYKF4w9nC0nq9CsPZTHyP","Just For Me (with SZA) - Space Jam: A New Legacy","Just For Me (Space Jam: A New Legacy)","SAINt JHN,SZA",2021-06-11,217394,57,spotify:user:12132863200,2023-11-04T03:26:39Z,"melodic rap,slap house,pop,r&b,rap",0.699,0.689,4,-4.336,0,0.0581,0.289,0.0000162,0.238,0.599,98.95,4
2JIzz9Eev61Pfd6vYp9omI,"0DK7ZkQ9RydhZnOhI6j6Ck","The Anonymous Ones - From The “Dear Evan Hansen” Original Motion Picture Soundtrack","The Anonymous Ones (From The “Dear Evan Hansen” Original Motion Picture Soundtrack)","Amandla Stenberg",2021-09-10,283771,37,spotify:user:12132863200,2023-11-04T03:26:41Z,"",0.513,0.332,1,-9.51,1,0.0714,0.463,0.0000103,0.109,0.182,103.839,4
5bOLF8govy2D7heVI0mfuu,"7tYKF4w9nC0nq9CsPZTHyP","The Anonymous Ones - From The “Dear Evan Hansen” Original Motion Picture Soundtrack","The Anonymous Ones (From The “Dear Evan Hansen” Original Motion Picture Soundtrack)","SZA",2021-09-10,249402,36,spotify:user:12132863200,2023-11-04T03:26:41Z,"pop,r&b,rap",0.663,0.458,1,-8.419,1,0.036,0.316,0.0000044,0.114,0.217,99.971,4
0Grpt3Up0Kaj7PljmT7inL,"6qGkLCMQkNGOJ079iEcC5k","Waving Through A Window - From The “Dear Evan Hansen” Original Motion Picture Soundtrack","Dear Evan Hansen (Original Motion Picture Soundtrack)","Ben Platt",2021-09-24,235971,49,spotify:user:12132863200,2023-11-04T03:26:42Z,"broadway,show tunes",0.499,0.731,9,-6.452,1,0.0525,0.244,0,0.0938,0.463,145.001,4
4F0FjRSJxEhEg2O2X7xAik,"6qGkLCMQkNGOJ079iEcC5k","For Forever - From The “Dear Evan Hansen” Original Motion Picture Soundtrack","Dear Evan Hansen (Original Motion Picture Soundtrack)","Ben Platt",2021-09-24,310765,45,spotify:user:12132863200,2023-11-04T03:26:42Z,"broadway,show tunes",0.357,0.339,5,-8.854,1,0.048,0.332,0.0000101,0.0936,0.211,91.602,5
7Fuj7RyGJYSJ7HgO5E2tJv,"4e9ML6IDGbv8W09mMlStKc,6qGkLCMQkNGOJ079iEcC5k,6H6kEm6c01DA6idz9cV34a","Sincerely Me - From The “Dear Evan Hansen” Original Motion Picture Soundtrack","Dear Evan Hansen (Original Motion Picture Soundtrack)","Colton Ryan,Ben Platt,Nik Dodani",2021-09-24,217371,45,spotify:user:12132863200,2023-11-04T03:26:42Z,"broadway,show tunes",0.631,0.703,0,-5.799,1,0.0927,0.00797,0,0.161,0.572,97.984,4
2hp0ZBtEDA2Wn3C1fvJSf9,"5OAt5hmsLcnFdk4Mly1Peq,6kMdhTURJF1io3LSc1XO8D,1gkcZQArk5rV8uBwG8y5FX","Requiem - From The “Dear Evan Hansen” Original Motion Picture Soundtrack","Dear Evan Hansen (Original Motion Picture Soundtrack)","Kaitlyn Dever,Danny Pino,Amy Adams",2021-09-24,264688,44,spotify:user:12132863200,2023-11-04T03:26:42Z,"movie tunes",0.337,0.373,4,-7.996,1,0.0331,0.554,0,0.0796,0.254,82.093,3
7bKq8MLzpWlaO1RXPkEm95,"6qGkLCMQkNGOJ079iEcC5k,5OAt5hmsLcnFdk4Mly1Peq","If I Could Tell Her - From The “Dear Evan Hansen” Original Motion Picture Soundtrack","Dear Evan Hansen (Original Motion Picture Soundtrack)","Ben Platt,Kaitlyn Dever",2021-09-24,243151,43,spotify:user:12132863200,2023-11-04T03:26:42Z,"broadway,show tunes",0.533,0.301,4,-10.239,1,0.0426,0.587,0,0.0972,0.528,96.194,4
1ouS2oUJOnxH9TaQxpNpUO,"0DK7ZkQ9RydhZnOhI6j6Ck","The Anonymous Ones - From The “Dear Evan Hansen” Original Motion Picture Soundtrack","Dear Evan Hansen (Original Motion Picture Soundtrack)","Amandla Stenberg",2021-09-24,283771,45,spotify:user:12132863200,2023-11-04T03:26:42Z,"",0.513,0.332,1,-9.51,1,0.0714,0.463,0.0000103,0.109,0.182,103.839,4
3AYMFpcQeHCjnTAb8XKeVu,"6qGkLCMQkNGOJ079iEcC5k,0DK7ZkQ9RydhZnOhI6j6Ck,6iiyR9wHi3XEBKJeyn8K1b,27n0jTBWhILKvbVfSHVpmu,7qJ6rgL30lnNhMXpIpJpF0,1XuBSCcRZTWI2pn3GG7ttj,5OAt5hmsLcnFdk4Mly1Peq,696ovICSMRv19NRn79oCWl","You Will Be Found - From The “Dear Evan Hansen” Original Motion Picture Soundtrack","Dear Evan Hansen (Original Motion Picture Soundtrack)","Ben Platt,Amandla Stenberg,Liz Kate,DeMarius Copes,Isaac Powell,Hadiya Eshe’,Kaitlyn Dever,Dear Evan Hansen Choir",2021-09-24,358944,44,spotify:user:12132863200,2023-11-04T03:26:42Z,"broadway,show tunes",0.261,0.533,6,-7.688,0,0.0512,0.0612,0,0.0962,0.224,78.247,3
34IKm7af3AY1m36bnlNH5k,"5OAt5hmsLcnFdk4Mly1Peq,6qGkLCMQkNGOJ079iEcC5k","Only Us - From The “Dear Evan Hansen” Original Motion Picture Soundtrack","Dear Evan Hansen (Original Motion Picture Soundtrack)","Kaitlyn Dever,Ben Platt",2021-09-24,239551,44,spotify:user:12132863200,2023-11-04T03:26:42Z,"broadway,show tunes",0.358,0.339,1,-8.387,1,0.0326,0.71,0,0.094,0.333,136.79,4
6oKvPUNfMLB8tPCZxQztGR,"6qGkLCMQkNGOJ079iEcC5k","Words Fail - From The “Dear Evan Hansen” Original Motion Picture Soundtrack","Dear Evan Hansen (Original Motion Picture Soundtrack)","Ben Platt",2021-09-24,347434,40,spotify:user:12132863200,2023-11-04T03:26:42Z,"broadway,show tunes",0.388,0.172,0,-10.779,1,0.0429,0.873,0,0.0943,0.256,109.07,4
1MdFRRORSskeNMHJsYv9cu,"3EfckbQgT7FlzG8pwAkbqd","So Big / So Small - From The “Dear Evan Hansen” Original Motion Picture Soundtrack","Dear Evan Hansen (Original Motion Picture Soundtrack)","Julianne Moore",2021-09-24,265563,36,spotify:user:12132863200,2023-11-04T03:26:42Z,"",0.408,0.124,6,-14.495,1,0.0458,0.795,0.000027,0.116,0.257,90.884,4
5V0BIjKnVh2acWHuf5evww,"4e9ML6IDGbv8W09mMlStKc","A Little Closer - From The “Dear Evan Hansen” Original Motion Picture Soundtrack","Dear Evan Hansen (Original Motion Picture Soundtrack)","Colton Ryan",2021-09-24,249953,44,spotify:user:12132863200,2023-11-04T03:26:42Z,"broadway",0.296,0.183,4,-14.855,1,0.0393,0.81,0.00165,0.105,0.217,81.32,4
6i14jVQ6cq2BxYWlYYgzyD,"2wY79sveU1sp5g7SokKOiI,57LYzLEk2LcFghVwuWbcuS","You Will Be Found (Sam Smith & Summer Walker Version) - From The “Dear Evan Hansen” Original Motion Picture Soundtrack","Dear Evan Hansen (Original Motion Picture Soundtrack)","Sam Smith,Summer Walker",2021-09-24,237814,40,spotify:user:12132863200,2023-11-04T03:26:42Z,"pop,uk pop,r&b,rap",0.397,0.413,1,-7.701,1,0.0342,0.477,0,0.0835,0.492,77.864,4
1UiIBbs0Pl8rAtz294SZoR,"7tYKF4w9nC0nq9CsPZTHyP","The Anonymous Ones (SZA Version) - From The “Dear Evan Hansen” Original Motion Picture Soundtrack","Dear Evan Hansen (Original Motion Picture Soundtrack)","SZA",2021-09-24,249402,41,spotify:user:12132863200,2023-11-04T03:26:42Z,"pop,r&b,rap",0.663,0.458,1,-8.419,1,0.036,0.316,0.0000044,0.114,0.217,99.971,4
4SaukjSrlHLaSwZ5K6OHhe,"4xFUf1FHVy696Q1JQZMTRj,7z5WFjZAIYejWy0NI5lv4T","Only Us (Carrie Underwood & Dan + Shay Version) - From The “Dear Evan Hansen” Original Motion Picture Soundtrack","Dear Evan Hansen (Original Motion Picture Soundtrack)","Carrie Underwood,Dan + Shay",2021-09-24,225621,36,spotify:user:12132863200,2023-11-04T03:26:42Z,"classic oklahoma country,contemporary country,country,country dawn,country road,dance pop",0.365,0.401,4,-7.331,1,0.0303,0.722,0,0.0952,0.3,138.365,4
3tcquFqOHmSIDmhW4rH2Pn,"37M5pPGs6V1fchFJSgCguX","A Little Closer (FINNEAS Version) - From The “Dear Evan Hansen” Original Motion Picture Soundtrack","Dear Evan Hansen (Original Motion Picture Soundtrack)","FINNEAS",2021-09-24,242412,41,spotify:user:12132863200,2023-11-04T03:26:42Z,"alt z,la indie,pop,pov: indie",0.373,0.144,11,-17.085,1,0.0372,0.932,0.0000451,0.0924,0.157,140.384,1
1oTJvM9gyW1uY7Bb0tOZyk,"1vSN1fsvrzpbttOYGsliDr","Waving Through A Window (Tori Kelly Version) - From The “Dear Evan Hansen” Original Motion Picture Soundtrack","Dear Evan Hansen (Original Motion Picture Soundtrack)","Tori Kelly",2021-09-24,266196,41,spotify:user:12132863200,2023-11-04T03:26:42Z,"pop,post-teen pop",0.708,0.426,3,-7.909,1,0.057,0.274,0,0.0982,0.536,130.025,4
1CrPPsibP3uTc3DSI5vQC5,"1U1el3k54VvEUzo3ybLPlM,7tYKF4w9nC0nq9CsPZTHyP","fue mejor (feat. SZA)","fue mejor (feat. SZA)","Kali Uchis,SZA",2021-09-29,230964,65,spotify:user:12132863200,2023-11-04T03:26:44Z,"colombian pop,pop,r&b,rap",0.769,0.384,5,-7.414,0,0.0353,0.239,0.000227,0.0762,0.23,106.002,4
5dXWFMwD7I7zXsInONVl0H,"7tYKF4w9nC0nq9CsPZTHyP","I Hate U","I Hate U","SZA",2021-12-03,174000,72,spotify:user:12132863200,2023-11-04T03:26:46Z,"pop,r&b,rap",0.535,0.388,7,-9.805,0,0.155,0.507,0,0.11,0.412,106.703,5
0IMUFRaM2W3wKNM1CSQ4Zm,"57LYzLEk2LcFghVwuWbcuS,7tYKF4w9nC0nq9CsPZTHyP,4kYSro6naA4h99UJvo89HB","No Love (with SZA & Cardi B) - Extended Version","No Love (with SZA & Cardi B) [Extended Version]","Summer Walker,SZA,Cardi B",2022-03-25,276214,56,spotify:user:12132863200,2023-11-04T03:26:47Z,"r&b,rap,pop",0.722,0.613,1,-4.996,0,0.116,0.192,0,0.192,0.607,133.937,4
3lw0PaZdGkvCwTaiatHbnU,"7tYKF4w9nC0nq9CsPZTHyP","Supermodel","Ctrl (Deluxe)","SZA",2022-06-09,181120,58,spotify:user:12132863200,2023-11-04T03:26:48Z,"pop,r&b,rap",0.613,0.442,6,-8.874,1,0.288,0.651,0,0.26,0.252,119.737,5
7HhtNlYNI32WY6n0ISX0U1,"7tYKF4w9nC0nq9CsPZTHyP,0Y5tJX1MQlPlqiwlOH1tJY","Love Galore (feat. Travis Scott)","Ctrl (Deluxe)","SZA,Travis Scott",2022-06-09,275080,56,spotify:user:12132863200,2023-11-04T03:26:48Z,"pop,r&b,rap,hip hop,slap house",0.795,0.594,0,-6.2,1,0.0748,0.112,0,0.162,0.409,135.002,4
0JijvZALkvx7uonQdvXXpH,"7tYKF4w9nC0nq9CsPZTHyP,2YZyLoL8N0Wb9xBt1NhZWg","Doves In The Wind (feat. Kendrick Lamar)","Ctrl (Deluxe)","SZA,Kendrick Lamar",2022-06-09,266080,56,spotify:user:12132863200,2023-11-04T03:26:48Z,"pop,r&b,rap,conscious hip hop,hip hop,west coast rap",0.693,0.713,10,-4.489,0,0.351,0.343,0,0.102,0.615,137.335,4
5L7sgpCZgrcqpgh1xM7r6V,"7tYKF4w9nC0nq9CsPZTHyP","Drew Barrymore","Ctrl (Deluxe)","SZA",2022-06-09,231400,58,spotify:user:12132863200,2023-11-04T03:26:48Z,"pop,r&b,rap",0.577,0.523,0,-5.538,0,0.0429,0.491,0,0.147,0.29,134.93,4
5MffAkbuTPBqRdPuPzaEb5,"7tYKF4w9nC0nq9CsPZTHyP","Prom","Ctrl (Deluxe)","SZA",2022-06-09,196133,56,spotify:user:12132863200,2023-11-04T03:26:48Z,"pop,r&b,rap",0.805,0.702,1,-4.877,1,0.0887,0.0639,0,0.123,0.225,120.048,4
61fROeJfnI3OtNQYMpN1gT,"7tYKF4w9nC0nq9CsPZTHyP","The Weekend","Ctrl (Deluxe)","SZA",2022-06-09,272186,57,spotify:user:12132863200,2023-11-04T03:26:48Z,"pop,r&b,rap",0.4,0.366,8,-9.405,0,0.0597,0.242,0,0.126,0.161,73.313,3
4U4bI86Jynl9et1eXyEpz6,"7tYKF4w9nC0nq9CsPZTHyP","Go Gina","Ctrl (Deluxe)","SZA",2022-06-09,161613,54,spotify:user:12132863200,2023-11-04T03:26:48Z,"pop,r&b,rap",0.603,0.606,9,-6.634,1,0.114,0.799,0,0.391,0.462,80.176,4
6yyxqE2ZdAVuD2qEL76POx,"7tYKF4w9nC0nq9CsPZTHyP","Garden (Say It Like Dat)","Ctrl (Deluxe)","SZA",2022-06-09,208400,57,spotify:user:12132863200,2023-11-04T03:26:48Z,"pop,r&b,rap",0.73,0.457,9,-7.26,1,0.283,0.0705,0,0.124,0.549,111.352,4
5dIkvSrG129dvaQ3xb0M9R,"7tYKF4w9nC0nq9CsPZTHyP","Broken Clocks","Ctrl (Deluxe)","SZA",2022-06-09,231253,59,spotify:user:12132863200,2023-11-04T03:26:48Z,"pop,r&b,rap",0.692,0.684,6,-7.364,1,0.155,0.131,0,0.156,0.406,112.912,4
4rbl561Pds0a8d9h0RLaLF,"7tYKF4w9nC0nq9CsPZTHyP","Anything","Ctrl (Deluxe)","SZA",2022-06-09,149320,52,spotify:user:12132863200,2023-11-04T03:26:48Z,"pop,r&b,rap",0.669,0.488,0,-4.711,0,0.326,0.394,0.000649,0.0952,0.548,151.798,4
0YPPnLR3TS4ZIAKCQOLZhK,"7tYKF4w9nC0nq9CsPZTHyP,5ooSG9S0glqP5ZrqqaHBvT","Wavy (Interlude) (feat. James Fauntleroy)","Ctrl (Deluxe)","SZA,James Fauntleroy",2022-06-09,75800,51,spotify:user:12132863200,2023-11-04T03:26:48Z,"pop,r&b,rap",0.629,0.509,0,-8.1,0,0.0809,0.475,0,0.0727,0.389,78.99,1
1Y7tMWKvFZLCpoX0SINyhP,"7tYKF4w9nC0nq9CsPZTHyP","Normal Girl","Ctrl (Deluxe)","SZA",2022-06-09,253586,57,spotify:user:12132863200,2023-11-04T03:26:48Z,"pop,r&b,rap",0.624,0.532,0,-7.146,1,0.124,0.269,0.0000517,0.158,0.362,76.453,4
4icqsSm2gIMEMUAcaReA3u,"7tYKF4w9nC0nq9CsPZTHyP,6aaMZ3fcfLv4tEbmY7bjRM","Pretty Little Birds (feat. Isaiah Rashad)","Ctrl (Deluxe)","SZA,Isaiah Rashad",2022-06-09,245946,52,spotify:user:12132863200,2023-11-04T03:26:48Z,"pop,r&b,rap,hip hop,tennessee hip hop,underground hip hop",0.362,0.518,1,-7.687,1,0.306,0.223,0.00314,0.316,0.348,89.667,4
0WC7CIZHwPXoFQEbJ721vT,"7tYKF4w9nC0nq9CsPZTHyP","20 Something","Ctrl (Deluxe)","SZA",2022-06-09,198160,54,spotify:user:12132863200,2023-11-04T03:26:48Z,"pop,r&b,rap",0.569,0.299,11,-8.603,1,0.275,0.739,0,0.054,0.505,81.049,4
3fcX3E9l1gVnfKeWaEzHHv,"7tYKF4w9nC0nq9CsPZTHyP","Love Galore (Alt Version)","Ctrl (Deluxe)","SZA",2022-06-09,273777,66,spotify:user:12132863200,2023-11-04T03:26:48Z,"pop,r&b,rap",0.827,0.439,9,-10.278,0,0.0784,0.0743,0,0.106,0.463,134.961,4
3vZGtceCbJVh5aDT4XhE0p,"7tYKF4w9nC0nq9CsPZTHyP","2AM","Ctrl (Deluxe)","SZA",2022-06-09,242823,70,spotify:user:12132863200,2023-11-04T03:26:48Z,"pop,r&b,rap",0.504,0.267,9,-13.678,0,0.406,0.438,0,0.141,0.392,83.966,4
4pHy0gmjfpD0Fgond5c4Ta,"7tYKF4w9nC0nq9CsPZTHyP","Miles","Ctrl (Deluxe)","SZA",2022-06-09,69728,66,spotify:user:12132863200,2023-11-04T03:26:48Z,"pop,r&b,rap",0.64,0.356,7,-11.563,1,0.0612,0.965,0.000214,0.109,0.574,122.531,5
4UJuFZ4btsiGqMyFHBRPbo,"7tYKF4w9nC0nq9CsPZTHyP","Percolator","Ctrl (Deluxe)","SZA",2022-06-09,84000,62,spotify:user:12132863200,2023-11-04T03:26:48Z,"pop,r&b,rap",0.946,0.47,0,-9.913,1,0.129,0.0102,0.413,0.0865,0.423,120.034,4
7newfXclX39UwWTw2gDswM,"7tYKF4w9nC0nq9CsPZTHyP","Tread Carefully","Ctrl (Deluxe)","SZA",2022-06-09,182068,63,spotify:user:12132863200,2023-11-04T03:26:48Z,"pop,r&b,rap",0.505,0.249,1,-14.879,0,0.139,0.115,0,0.155,0.207,115.815,4
2xZ0zfuDTv5LxLhEgD82PG,"7tYKF4w9nC0nq9CsPZTHyP","Awkward","Ctrl (Deluxe)","SZA",2022-06-09,178000,80,spotify:user:12132863200,2023-11-04T03:26:48Z,"pop,r&b,rap",0.618,0.474,5,-12.097,1,0.0789,0.182,0.000122,0.108,0.397,119.999,4
1w52s8ZgbSHjwjoZ1zQMET,"7tYKF4w9nC0nq9CsPZTHyP","Jodie","Ctrl (Deluxe)","SZA",2022-06-09,165867,60,spotify:user:12132863200,2023-11-04T03:26:48Z,"pop,r&b,rap",0.81,0.402,1,-10.878,1,0.0537,0.804,0.00000214,0.107,0.54,90.433,3
67v2UHujFruxWrDmjPYxD6,"4E2rKHVDssGJm2SCDOMMJB,7tYKF4w9nC0nq9CsPZTHyP","Persuasive (with SZA)","Persuasive (with SZA)","Doechii,SZA",2022-07-22,210346,66,spotify:user:12132863200,2023-11-04T03:26:48Z,"alternative r&b,pop,r&b,rap",0.756,0.554,7,-7.166,0,0.145,0.211,0,0.274,0.563,120.028,4
36kKKAw3ZpWjdb6mGP6CXL,"4E2rKHVDssGJm2SCDOMMJB","Persuasive","Persuasive (with SZA)","Doechii",2022-07-22,216707,31,spotify:user:12132863200,2023-11-04T03:26:48Z,"alternative r&b",0.822,0.627,7,-5.826,0,0.126,0.143,0,0.146,0.5,120.057,4
6A1bwJpWOUjlhYh2j2kftQ,"0QHgL1lAIqAw0HtD7YldmP,1RyvyyTE3xzB2ZywiAwp0i,7tYKF4w9nC0nq9CsPZTHyP","BEAUTIFUL (feat. Future & SZA)","BEAUTIFUL (feat. Future & SZA)","DJ Khaled,Future,SZA",2022-08-24,223232,43,spotify:user:12132863200,2023-11-04T03:26:49Z,"hip hop,miami hip hop,pop rap,rap,atl hip hop,southern hip hop,trap,pop,r&b",0.489,0.55,6,-6.729,1,0.233,0.103,0,0.118,0.241,171.882,4
34ZAzO78a5DAVNrYIGWcPm,"7tYKF4w9nC0nq9CsPZTHyP","Shirt","Shirt","SZA",2022-10-28,181830,73,spotify:user:12132863200,2023-11-04T03:26:55Z,"pop,r&b,rap",0.824,0.453,3,-9.604,0,0.0968,0.146,0.0273,0.0896,0.552,119.959,4
5xMw6qCcpd2gBXPGTegC4W,"7tYKF4w9nC0nq9CsPZTHyP","SOS","SOS","SZA",2022-12-09,117773,72,spotify:user:12132863200,2023-11-04T03:26:57Z,"pop,r&b,rap",0.507,0.657,7,-7.356,0,0.233,0.669,0.00000697,0.0947,0.506,119.159,1
3OHfY25tqY28d16oZczHc8,"7tYKF4w9nC0nq9CsPZTHyP","Kill Bill","SOS","SZA",2022-12-09,153946,87,spotify:user:12132863200,2023-11-04T03:26:57Z,"pop,r&b,rap",0.644,0.728,8,-5.75,1,0.0351,0.0543,0.169,0.161,0.43,88.993,4
6eT2V7nKXyMf47TwPbtgAD,"7tYKF4w9nC0nq9CsPZTHyP","Seek & Destroy","SOS","SZA",2022-12-09,203733,75,spotify:user:12132863200,2023-11-04T03:26:57Z,"pop,r&b,rap",0.651,0.647,1,-5.415,1,0.0654,0.437,0.175,0.205,0.345,152.069,4
2GAhgAjOhEmItWLfgisyOn,"7tYKF4w9nC0nq9CsPZTHyP","Low","SOS","SZA",2022-12-09,181080,84,spotify:user:12132863200,2023-11-04T03:26:57Z,"pop,r&b,rap",0.698,0.546,0,-7.234,0,0.0559,0.425,0.00314,0.16,0.335,145.044,4
1eIXYZWEfJO3Na2LCCnIJE,"7tYKF4w9nC0nq9CsPZTHyP","Love Language","SOS","SZA",2022-12-09,183893,78,spotify:user:12132863200,2023-11-04T03:26:57Z,"pop,r&b,rap",0.707,0.261,9,-10.139,0,0.0784,0.853,0,0.127,0.545,65.038,4
2CSRrnOEELmhpq8iaAi9cd,"7tYKF4w9nC0nq9CsPZTHyP","Blind","SOS","SZA",2022-12-09,150720,80,spotify:user:12132863200,2023-11-04T03:26:57Z,"pop,r&b,rap",0.461,0.279,9,-11.776,0,0.0373,0.911,0,0.205,0.599,114.225,4
1TweDM3JC49LNeelLVg3yX,"7tYKF4w9nC0nq9CsPZTHyP,4Gso3d4CscCijv0lmajZWs","Used (feat. Don Toliver)","SOS","SZA,Don Toliver",2022-12-09,146950,72,spotify:user:12132863200,2023-11-04T03:26:57Z,"pop,r&b,rap,pop rap,trap",0.734,0.689,10,-6.454,0,0.0871,0.532,0.0000847,0.322,0.705,149.579,4
4iZ4pt7kvcaH6Yo8UoZ4s2,"7tYKF4w9nC0nq9CsPZTHyP","Snooze","SOS","SZA",2022-12-09,201800,92,spotify:user:12132863200,2023-11-04T03:26:57Z,"pop,r&b,rap",0.559,0.551,5,-7.231,1,0.132,0.141,0,0.11,0.392,143.008,4
4fnNBPN9W6AoOYSQS3FJxT,"7tYKF4w9nC0nq9CsPZTHyP","Notice Me","SOS","SZA",2022-12-09,160920,71,spotify:user:12132863200,2023-11-04T03:26:57Z,"pop,r&b,rap",0.724,0.68,5,-6.822,1,0.117,0.275,0.0000991,0.11,0.777,159.919,4
2Sjx8DWZO5zaTyTAmgo2gY,"7tYKF4w9nC0nq9CsPZTHyP","Gone Girl","SOS","SZA",2022-12-09,244026,71,spotify:user:12132863200,2023-11-04T03:26:57Z,"pop,r&b,rap",0.428,0.439,5,-7.674,1,0.0591,0.57,0,0.153,0.418,150.007,4
4jTs7ny5eSRnKTzxdrFv5I,"7tYKF4w9nC0nq9CsPZTHyP","Smoking on my Ex Pack","SOS","SZA",2022-12-09,83826,72,spotify:user:12132863200,2023-11-04T03:26:57Z,"pop,r&b,rap",0.466,0.676,8,-8.097,1,0.38,0.241,0.00318,0.224,0.333,81.227,4
4h5x3XHLVYFJaItKuO2rhy,"7tYKF4w9nC0nq9CsPZTHyP,1r1uxoy19fzMxunt3ONAkG","Ghost in the Machine","SOS","SZA,Phoebe Bridgers",2022-12-09,218586,77,spotify:user:12132863200,2023-11-04T03:26:57Z,"pop,r&b,rap,indie pop,la indie,pov: indie",0.624,0.433,6,-9.572,1,0.0467,0.837,0.0294,0.113,0.589,124.979,4
2e2AXpIiJpet5b4qg85Gh6,"7tYKF4w9nC0nq9CsPZTHyP","F2F","SOS","SZA",2022-12-09,185040,72,spotify:user:12132863200,2023-11-04T03:26:57Z,"pop,r&b,rap",0.533,0.74,2,-5.767,1,0.0359,0.089,0.00000295,0.337,0.465,89.934,4
5Y35SjAfXjjG0sFQ3KOxmm,"7tYKF4w9nC0nq9CsPZTHyP","Nobody Gets Me","SOS","SZA",2022-12-09,180853,84,spotify:user:12132863200,2023-11-04T03:26:57Z,"pop,r&b,rap",0.358,0.284,7,-8.285,1,0.0285,0.805,0,0.183,0.276,99.796,3
4hTej08FutmriOs7S1hWWy,"7tYKF4w9nC0nq9CsPZTHyP","Conceited","SOS","SZA",2022-12-09,151413,71,spotify:user:12132863200,2023-11-04T03:26:57Z,"pop,r&b,rap",0.791,0.458,1,-8.236,1,0.0673,0.0486,0.0000408,0.106,0.772,150.046,4
6RQ5IwG7uADz9LDWliJGjU,"7tYKF4w9nC0nq9CsPZTHyP","Special","SOS","SZA",2022-12-09,158840,75,spotify:user:12132863200,2023-11-04T03:26:57Z,"pop,r&b,rap",0.604,0.199,0,-11.831,1,0.05,0.777,0,0.109,0.191,76.134,4
4rAg5bbrdZX00mXXhLvYXj,"7tYKF4w9nC0nq9CsPZTHyP","Too Late","SOS","SZA",2022-12-09,164426,68,spotify:user:12132863200,2023-11-04T03:26:57Z,"pop,r&b,rap",0.445,0.681,11,-7.558,1,0.0829,0.781,0.000789,0.386,0.351,127.541,5
74NI58MQexwZjNu1Gu6GjT,"7tYKF4w9nC0nq9CsPZTHyP","Far","SOS","SZA",2022-12-09,180680,70,spotify:user:12132863200,2023-11-04T03:26:57Z,"pop,r&b,rap",0.612,0.549,2,-7.401,1,0.0833,0.672,0.000203,0.163,0.477,115.915,4
2wSTnntOPRi7aQneobFtU4,"7tYKF4w9nC0nq9CsPZTHyP","Shirt","SOS","SZA",2022-12-09,181840,82,spotify:user:12132863200,2023-11-04T03:26:57Z,"pop,r&b,rap",0.848,0.512,3,-7.72,0,0.102,0.228,0.00232,0.0879,0.572,120.009,4
0xaFw2zDYf1rIJWl2dXiSF,"7tYKF4w9nC0nq9CsPZTHyP,0Y5tJX1MQlPlqiwlOH1tJY","Open Arms (feat. Travis Scott)","SOS","SZA,Travis Scott",2022-12-09,239613,81,spotify:user:12132863200,2023-11-04T03:26:57Z,"pop,r&b,rap,hip hop,slap house",0.665,0.59,9,-7.608,1,0.161,0.763,0.0132,0.147,0.216,77.559,4
2aJnyNu4PQxQ2lyj5boiMG,"7tYKF4w9nC0nq9CsPZTHyP","I Hate U","SOS","SZA",2022-12-09,173906,78,spotify:user:12132863200,2023-11-04T03:26:57Z,"pop,r&b,rap",0.533,0.417,7,-8.665,0,0.148,0.514,0,0.114,0.376,106.534,5
4PMqSO5qyjpvzhlLI5GnID,"7tYKF4w9nC0nq9CsPZTHyP","Good Days","SOS","SZA",2022-12-09,278480,81,spotify:user:12132863200,2023-11-04T03:26:57Z,"pop,r&b,rap",0.461,0.651,1,-8.81,0,0.0568,0.418,0.0000126,0.782,0.383,121.07,4
5IcP1PPnleZ2kuwKDyfNC5,"7tYKF4w9nC0nq9CsPZTHyP,50NoVNy9GU1lCrDV8iGpyu","Forgiveless","SOS","SZA,Ol' Dirty Bastard",2022-12-09,141960,68,spotify:user:12132863200,2023-11-04T03:26:57Z,"pop,r&b,rap,east coast hip hop,hardcore hip hop,hip hop",0.668,0.769,9,-5.25,1,0.218,0.366,0,0.0861,0.469,79.852,4
1kTnBps67CwkDeAEMrIMth,"7tYKF4w9nC0nq9CsPZTHyP","Kill Bill","Kill Bill","SZA",2023-01-13,153946,49,spotify:user:12132863200,2023-11-04T03:26:58Z,"pop,r&b,rap",0.643,0.729,8,-5.769,1,0.0384,0.0576,0.136,0.161,0.391,88.969,4
2ty6DmPnxVPpEFuB23XM0x,"7tYKF4w9nC0nq9CsPZTHyP","Kill Bill - Sped Up Version","Kill Bill","SZA",2023-01-13,137528,73,spotify:user:12132863200,2023-11-04T03:26:58Z,"pop,r&b,rap",0.678,0.798,10,-5.195,1,0.0316,0.0383,0.269,0.126,0.509,99.941,4
0k096lf5daQ0JozAj9EYZT,"7tYKF4w9nC0nq9CsPZTHyP","Kill Bill - Instrumental","Kill Bill","SZA",2023-01-13,153946,43,spotify:user:12132863200,2023-11-04T03:26:58Z,"pop,r&b,rap",0.77,0.643,8,-7.949,1,0.0328,0.029,0.85,0.0829,0.376,88.996,4
7cgqtkJcvgMLsVcFFcKuXH,"7tYKF4w9nC0nq9CsPZTHyP","Kill Bill - Vocals","Kill Bill","SZA",2023-01-13,153946,47,spotify:user:12132863200,2023-11-04T03:26:58Z,"pop,r&b,rap",0.635,0.405,8,-8.96,1,0.0319,0.883,0,0.398,0.44,88.826,4
5ReIs3aH4wfBjp93QOtWAl,"7tYKF4w9nC0nq9CsPZTHyP","Kill Bill - Acoustic","Kill Bill (Acoustic)","SZA",2023-01-24,168608,56,spotify:user:12132863200,2023-11-04T03:27:00Z,"pop,r&b,rap",0.347,0.378,8,-9.96,1,0.0354,0.857,0,0.118,0.61,173.482,4
0CrcwVLUe8wzLUIXgjXVZJ,"7tYKF4w9nC0nq9CsPZTHyP,5cj0lLjcoR7YOSnhnX0Po5","Kill Bill (feat. Doja Cat)","Kill Bill (feat. Doja Cat)","SZA,Doja Cat",2023-04-14,175836,73,spotify:user:12132863200,2023-11-04T03:27:04Z,"pop,r&b,rap,dance pop",0.629,0.744,5,-6.124,0,0.0409,0.0769,0.247,0.194,0.451,89.021,4
24yrJJkmVUMkJHvCaR85BN,"7tYKF4w9nC0nq9CsPZTHyP","Snooze","Snooze","SZA",2023-08-25,201800,62,spotify:user:12132863200,2023-11-04T03:27:11Z,"pop,r&b,rap",0.571,0.552,0,-7.231,1,0.13,0.14,0,0.109,0.393,143.024,4
4hXiv4MkvpojVHc30jDp8r,"7tYKF4w9nC0nq9CsPZTHyP","Snooze - Sped Up","Snooze","SZA",2023-08-25,171520,60,spotify:user:12132863200,2023-11-04T03:27:11Z,"pop,r&b,rap",0.439,0.651,5,-6.805,0,0.232,0.109,0.0000169,0.169,0.55,169.298,4
6w4zeqpCzFJna5aKmeSfWd,"7tYKF4w9nC0nq9CsPZTHyP","Snooze","Snooze","SZA",2023-08-25,201800,46,spotify:user:12132863200,2023-11-04T03:27:11Z,"pop,r&b,rap",0.547,0.551,0,-7.206,1,0.111,0.156,0,0.105,0.38,142.971,4
3m3D8V4zQke8zZQqaDixE6,"7tYKF4w9nC0nq9CsPZTHyP","Snooze - Instrumental","Snooze","SZA",2023-08-25,201813,47,spotify:user:12132863200,2023-11-04T03:27:11Z,"pop,r&b,rap",0.935,0.35,2,-9.924,0,0.0518,0.0291,0.875,0.107,0.426,143.023,4
3RaCGXCiiMufRPoexXxGkV,"3TVXtAsR1Inumwj472S9r4,7tYKF4w9nC0nq9CsPZTHyP","Slime You Out (feat. SZA)","Slime You Out","Drake,SZA",2023-09-15,310490,87,spotify:user:12132863200,2023-11-04T03:27:12Z,"canadian hip hop,canadian pop,hip hop,pop rap,rap,pop,r&b",0.483,0.408,5,-9.243,0,0.0502,0.508,0,0.259,0.105,88.88,3
5YABYtKx9qa56vBjlXDbmw,"7tYKF4w9nC0nq9CsPZTHyP,1uNFoZAHBGtllmzznpCI3s","Snooze (Acoustic) (feat. Justin Bieber)","Snooze (Acoustic) (feat. Justin Bieber)","SZA,Justin Bieber",2023-09-15,190464,81,spotify:user:12132863200,2023-11-04T03:27:13Z,"pop,r&b,rap,canadian pop",0.462,0.331,9,-8.794,0,0.0432,0.911,0,0.15,0.604,141.364,3
0dn6S6lJqAIQg90kMmWtVj,"7vNNmjV14SKQzlQAEg0BXP,7tYKF4w9nC0nq9CsPZTHyP","NO SZNS","NO SZNS","Jean Dawson,SZA",2023-09-22,213026,70,spotify:user:12132863200,2023-11-04T03:27:14Z,"indie hip hop,modern indie pop,pop,r&b,rap",0.55,0.34,5,-7.988,1,0.0311,0.647,0,0.121,0.195,112.077,4
